states,year,y,aerobic exercise,best workout,bike helmet,bike laws,bike locks,bike repair,bike sale,bodybuilding,bodybuilding,calories,e-bike,ejercicios,exercise,exercises,fitbit,fitness,fitness gym,gym,gym near me,how to exercise,iPod,insanity workout,ipod reset,jogging,my fitness pal,pokemon go,pre workout,quinoa gluten free,t25 schedule,trainer,workout,yoga
Alabama,2011,67.4,72.0,91.5,32.0,0.0,0.0,0.0,0.0,60.5,60.5,75.0,0.0,16.5,80.0,80.5,31.0,49.5,51.0,56.0,12.5,99.0,72.0,56.5,0.0,72.5,71.0,59.5,56.0,0.0,0.0,78.5,76.5,22.0
Alaska,2011,78,0.0,0.0,0.0,0.0,0.0,0.0,0.0,66.0,66.0,86.0,0.0,14.0,82.5,75.5,67.0,53.5,0.0,65.0,17.5,0.0,71.0,68.0,0.0,72.0,71.5,43.5,35.5,0.0,0.0,94.0,76.0,59.0
Arizona,2011,75.9,74.0,76.0,46.5,0.0,0.0,59.0,51.5,62.0,62.0,76.5,60.0,42.5,67.5,70.5,42.5,99.5,65.0,58.5,13.5,76.5,67.0,57.5,0.0,59.5,49.0,60.0,63.0,0.0,0.0,79.0,70.5,50.0
Arkansas,2011,69.1,64.0,89.0,48.0,0.0,0.0,0.0,0.0,58.0,58.0,81.5,0.0,30.5,81.5,81.5,39.0,53.0,0.0,59.5,0.0,0.0,69.0,66.5,0.0,66.0,65.5,62.0,47.5,0.0,0.0,82.0,74.5,24.5
California,2011,80.9,49.5,67.0,68.5,100.0,77.0,52.5,51.0,55.5,55.5,82.0,55.5,52.5,63.5,62.0,73.0,92.5,58.0,68.5,18.5,71.0,65.0,47.5,81.5,59.0,39.0,55.5,56.0,100.0,0.0,70.5,63.5,66.0
Colorado,2011,83.5,58.5,75.5,72.0,0.0,80.0,75.0,61.5,50.0,50.0,76.0,63.5,51.0,68.0,71.0,68.5,84.5,48.0,58.5,20.0,65.5,64.5,51.0,0.0,56.0,51.0,40.0,42.5,0.0,0.0,77.0,66.0,70.0
Connecticut,2011,74.5,57.5,76.0,45.0,0.0,0.0,37.5,45.0,53.5,53.5,74.5,0.0,43.0,72.0,75.5,45.0,85.0,68.5,76.0,24.5,75.0,76.0,48.5,0.0,54.5,47.0,57.5,51.5,0.0,0.0,80.0,66.5,62.0
Delaware,2011,73,0.0,0.0,0.0,0.0,0.0,0.0,0.0,57.0,57.0,83.5,0.0,41.0,84.0,92.5,65.0,77.5,0.0,72.0,93.0,0.0,85.5,63.5,0.0,68.0,46.5,54.5,47.0,0.0,0.0,88.0,76.0,44.5
District of Columbia,2011,80.2,36.0,57.5,61.5,0.0,0.0,47.5,32.5,45.0,45.0,100.0,31.5,32.5,63.0,63.0,58.0,75.0,70.5,98.5,41.5,54.5,39.5,49.0,0.0,56.0,50.5,27.0,44.0,0.0,0.0,56.5,60.5,70.0
Florida,2011,73.1,51.0,75.0,39.0,0.0,39.5,44.5,49.0,60.0,60.0,77.0,39.0,100.0,68.5,73.0,40.5,75.5,67.5,70.0,19.5,77.5,66.5,54.5,86.0,61.5,40.5,55.0,59.0,0.0,0.0,77.0,70.0,38.0
Georgia,2011,73.3,54.5,73.5,39.5,0.0,0.0,32.5,37.5,53.0,53.0,80.5,21.5,39.5,65.5,67.5,37.0,71.0,57.0,63.0,19.0,76.0,62.5,52.0,0.0,61.5,55.0,52.5,48.0,0.0,0.0,70.0,71.5,30.0
Idaho,2011,78.6,77.5,72.0,75.5,0.0,0.0,0.0,88.5,100.0,100.0,88.5,0.0,25.5,85.0,80.5,63.5,56.0,0.0,79.5,23.5,0.0,90.0,68.5,0.0,79.5,56.0,94.0,86.0,0.0,0.0,90.5,83.0,44.5
Illinois,2011,74.9,57.5,75.5,40.0,0.0,75.0,46.0,40.5,51.0,51.0,90.0,25.0,38.0,63.5,68.5,54.5,83.0,46.5,60.5,21.0,70.5,63.5,48.5,83.5,59.0,57.5,50.5,56.5,0.0,0.0,67.5,69.0,49.5
Indiana,2011,70.8,77.0,86.0,44.5,0.0,0.0,48.0,48.0,51.0,51.0,78.0,0.0,29.0,76.5,79.5,47.5,62.5,38.0,44.0,15.5,86.5,81.5,60.5,0.0,58.0,68.5,64.0,51.0,0.0,0.0,78.5,71.5,33.0
Iowa,2011,74.1,85.5,89.5,60.5,0.0,0.0,0.0,59.0,55.5,55.5,87.5,0.0,22.0,77.0,73.5,84.0,63.0,35.0,47.0,17.5,88.5,77.5,59.0,0.0,65.5,81.0,63.0,82.5,0.0,0.0,74.5,75.0,33.5
Kansas,2011,73.2,74.0,91.0,41.5,0.0,0.0,0.0,50.5,59.0,59.0,84.5,86.0,26.5,75.0,76.0,83.5,63.0,35.5,44.5,18.5,85.5,74.0,66.5,0.0,82.5,73.0,57.5,80.0,0.0,0.0,83.5,82.5,31.5
Kentucky,2011,70.7,67.5,76.5,37.0,0.0,0.0,0.0,0.0,53.0,53.0,79.5,0.0,23.5,76.0,78.5,46.5,47.0,32.5,45.5,12.0,89.5,77.5,56.5,0.0,65.0,67.0,43.0,54.0,0.0,0.0,85.0,72.5,32.0
Louisiana,2011,66.2,70.0,90.0,36.0,0.0,0.0,0.0,56.5,65.0,65.0,77.5,0.0,17.0,75.5,81.0,26.5,64.0,41.5,46.5,14.0,92.0,64.5,64.0,0.0,76.5,69.0,39.0,74.5,0.0,0.0,80.0,82.0,30.0
Maine,2011,77,0.0,76.0,65.0,0.0,0.0,0.0,0.0,37.0,37.0,79.5,0.0,0.0,76.5,84.5,58.5,62.0,0.0,63.5,94.5,0.0,77.5,43.5,0.0,69.0,72.0,68.5,45.5,0.0,0.0,92.0,63.0,61.5
Maryland,2011,73.8,61.0,69.5,47.5,0.0,0.0,44.5,41.0,48.5,48.5,74.0,20.5,32.5,79.0,78.0,55.0,70.0,72.0,81.0,36.5,88.5,71.5,54.5,0.0,61.0,57.0,55.5,39.0,0.0,0.0,76.5,66.5,51.0
Massachusetts,2011,76.5,50.0,71.5,69.0,0.0,0.0,45.5,40.5,46.0,46.0,82.0,38.5,24.0,67.5,70.5,58.5,75.5,70.5,88.0,24.0,71.5,65.5,42.5,84.5,60.5,46.5,43.5,44.0,0.0,0.0,68.5,64.5,82.0
Michigan,2011,76.4,72.0,74.5,45.0,0.0,0.0,51.0,48.5,47.5,47.5,78.5,56.0,30.5,69.0,70.5,48.0,71.5,54.0,51.0,20.5,76.5,78.0,49.5,0.0,56.5,56.0,63.5,45.5,0.0,100.0,75.5,66.5,46.0
Minnesota,2011,78.1,54.0,66.0,70.5,0.0,0.0,56.5,43.5,40.5,40.5,87.0,34.5,21.5,68.0,64.0,79.5,98.5,43.0,51.5,11.0,65.0,67.0,46.0,0.0,64.0,65.5,43.0,44.5,0.0,0.0,70.0,61.5,49.0
Mississippi,2011,64,82.0,83.5,0.0,0.0,0.0,0.0,0.0,63.5,63.5,76.5,0.0,14.5,80.5,82.0,22.5,49.5,0.0,38.0,7.5,0.0,65.5,71.5,0.0,66.0,65.5,53.5,48.0,0.0,0.0,74.0,78.0,19.5
Missouri,2011,71.6,69.0,75.0,50.0,0.0,0.0,0.0,42.5,51.5,51.5,82.5,27.0,33.5,70.5,72.5,84.5,69.5,53.0,58.0,23.0,75.5,65.0,63.5,0.0,64.5,72.0,50.5,50.0,0.0,0.0,78.5,71.5,32.0
Montana,2011,75.6,0.0,0.0,89.5,0.0,0.0,0.0,100.0,56.5,56.5,81.5,0.0,9.5,91.0,86.5,56.5,57.5,0.0,63.5,0.0,0.0,93.0,74.5,0.0,64.5,50.5,23.5,57.0,0.0,0.0,89.5,79.5,57.5
Nebraska,2011,73.7,69.5,84.5,49.0,0.0,0.0,0.0,0.0,60.5,60.5,89.0,23.0,28.5,75.0,75.5,53.0,75.5,52.5,49.5,14.5,78.5,78.0,74.5,0.0,73.0,75.5,55.5,95.0,0.0,0.0,83.0,81.5,33.5
Nevada,2011,75.7,44.5,71.0,57.0,0.0,0.0,0.0,0.0,74.0,74.0,75.0,0.0,59.0,66.0,68.0,49.0,78.5,67.0,73.0,11.0,79.5,70.5,67.0,0.0,50.5,44.5,77.5,60.0,0.0,0.0,90.0,74.0,48.5
New Hampshire,2011,77.6,0.0,0.0,69.5,0.0,0.0,0.0,0.0,44.0,44.0,75.5,0.0,12.0,79.5,84.0,60.5,73.0,64.0,83.5,10.5,0.0,86.0,43.0,0.0,56.5,62.5,35.5,51.5,0.0,0.0,88.0,78.0,71.0
New Jersey,2011,73.6,63.0,82.0,52.5,0.0,39.0,30.0,41.5,65.0,65.0,73.5,31.5,60.5,72.0,78.5,49.0,83.0,100.0,89.5,86.0,91.0,81.0,56.5,97.5,57.5,35.5,76.0,65.0,0.0,49.0,77.5,75.0,50.0
New Mexico,2011,74.7,88.5,0.0,68.5,0.0,0.0,0.0,0.0,66.0,66.0,72.0,0.0,53.5,81.0,86.5,57.5,76.5,0.0,62.5,0.0,0.0,84.0,72.0,0.0,65.5,56.5,44.5,49.0,0.0,0.0,85.0,77.5,60.0
New York,2011,73.7,50.5,67.5,49.5,0.0,59.0,33.0,31.5,49.0,49.0,93.5,45.0,53.5,61.5,63.5,44.0,72.0,73.5,87.5,38.0,68.0,61.5,44.0,75.0,55.0,35.5,53.0,45.5,91.0,0.0,64.0,61.0,69.5
North Carolina,2011,73.3,63.5,77.0,48.0,0.0,0.0,0.0,47.5,58.0,58.0,75.5,26.5,34.0,74.5,75.5,44.5,67.0,60.5,68.5,14.5,83.0,69.5,62.0,0.0,65.5,63.0,53.0,44.0,0.0,47.0,76.0,74.0,40.5
North Dakota,2011,72.9,0.0,0.0,0.0,0.0,0.0,0.0,0.0,64.0,64.0,90.0,0.0,0.0,96.0,91.5,86.5,64.0,0.0,48.0,0.0,0.0,96.0,82.5,0.0,62.5,74.0,46.5,91.5,0.0,0.0,94.5,90.0,26.0
Ohio,2011,73,63.5,84.0,40.5,0.0,0.0,41.0,43.5,55.5,55.5,80.0,39.0,15.5,71.5,75.0,43.5,59.5,38.0,47.0,19.0,77.0,79.5,58.5,0.0,60.0,63.5,51.0,66.0,0.0,0.0,78.0,71.0,35.5
Oklahoma,2011,68.8,60.5,94.0,39.5,0.0,0.0,0.0,0.0,66.0,66.0,80.0,0.0,37.5,74.0,74.0,44.0,56.0,51.5,60.5,22.0,84.0,63.5,67.0,0.0,65.5,67.0,59.0,81.5,0.0,0.0,85.0,81.5,26.0
Oregon,2011,80.3,70.5,64.0,96.5,0.0,100.0,100.0,65.5,46.5,46.5,82.0,97.0,24.0,72.5,68.5,61.5,81.0,48.5,58.0,10.5,69.5,69.0,35.0,0.0,71.5,62.0,46.5,36.0,0.0,0.0,84.5,57.5,64.0
Pennsylvania,2011,73.8,71.0,76.5,56.0,0.0,0.0,35.0,43.0,53.5,53.5,83.0,37.5,19.5,74.0,79.0,49.0,74.0,63.0,70.5,23.0,81.0,75.5,55.0,86.5,57.0,53.0,64.0,52.0,0.0,0.0,75.5,68.0,47.0
Rhode Island,2011,73.8,69.5,82.5,0.0,0.0,0.0,0.0,0.0,57.0,57.0,86.0,0.0,34.0,79.0,87.5,52.5,76.0,84.5,93.5,20.5,0.0,82.0,50.5,0.0,56.0,47.5,81.0,67.5,0.0,0.0,79.0,74.5,72.0
South Carolina,2011,72.8,78.5,86.0,39.5,0.0,0.0,31.0,48.5,55.5,55.5,72.0,0.0,23.5,77.5,79.5,45.5,55.5,50.0,70.0,32.5,97.5,74.5,62.0,0.0,67.5,61.0,63.5,54.5,0.0,0.0,79.5,73.5,34.5
South Dakota,2011,73.1,0.0,0.0,0.0,0.0,0.0,0.0,0.0,70.5,70.5,93.5,0.0,13.5,99.0,92.5,96.5,65.5,0.0,49.5,0.0,0.0,96.0,100.0,0.0,78.0,74.5,76.0,87.5,0.0,0.0,100.0,100.0,27.0
Tennessee,2011,64.9,53.5,82.0,45.0,0.0,0.0,0.0,44.0,58.0,58.0,76.0,21.0,22.5,77.5,79.5,52.0,50.5,38.0,47.5,17.0,88.0,71.0,58.5,0.0,65.5,69.0,50.5,51.5,0.0,0.0,82.0,78.0,32.0
Texas,2011,72.8,51.0,76.5,36.0,0.0,28.5,36.0,35.5,54.5,54.5,83.0,21.0,67.0,61.5,63.0,42.0,81.5,54.0,66.0,15.5,72.0,58.0,60.0,75.5,64.0,49.0,52.5,60.5,63.5,15.0,67.5,71.0,35.0
Utah,2011,81.1,76.0,83.5,75.0,0.0,0.0,0.0,66.5,66.0,66.0,84.5,0.0,36.0,87.0,75.0,58.0,73.5,80.5,99.5,17.5,96.5,93.0,65.0,0.0,100.0,80.0,58.5,59.5,0.0,0.0,90.0,72.0,43.0
Vermont,2011,79,0.0,0.0,0.0,0.0,0.0,0.0,0.0,38.5,38.5,83.0,0.0,15.5,85.0,88.0,55.5,86.0,0.0,65.5,0.0,0.0,82.5,46.0,0.0,71.5,41.5,53.5,44.0,0.0,0.0,74.0,71.0,100.0
Virginia,2011,75,53.5,77.0,55.5,0.0,0.0,45.0,41.5,53.0,53.0,76.5,50.5,38.0,76.0,79.0,60.5,66.0,65.0,88.0,29.5,82.0,70.5,56.5,100.0,65.0,52.0,60.5,44.0,0.0,0.0,78.5,72.5,47.0
Washington,2011,78,61.5,67.5,84.0,0.0,0.0,64.0,52.0,52.5,52.5,84.0,60.0,22.0,67.0,64.5,82.0,81.0,56.0,68.0,11.5,62.5,63.0,44.0,86.5,69.0,49.5,51.0,44.0,0.0,0.0,81.0,60.5,70.0
West Virginia,2011,64.9,0.0,100.0,60.0,0.0,0.0,0.0,0.0,62.0,62.0,78.5,0.0,5.0,90.0,85.5,32.0,40.5,0.0,49.5,11.0,0.0,88.5,73.0,0.0,54.0,80.5,100.0,57.5,0.0,0.0,85.5,79.0,26.0
Wisconsin,2011,77.3,77.5,69.5,60.5,0.0,0.0,53.0,54.5,40.5,40.5,77.0,53.0,27.5,74.0,76.5,53.5,65.0,42.5,60.5,17.5,72.0,78.5,53.5,0.0,60.0,73.0,49.5,46.5,0.0,0.0,78.0,64.5,41.5
Wyoming,2011,74.5,0.0,0.0,0.0,0.0,0.0,0.0,0.0,63.5,63.5,91.5,0.0,28.5,96.0,100.0,80.0,58.0,0.0,52.5,0.0,0.0,100.0,72.5,0.0,94.0,100.0,52.0,65.5,0.0,0.0,98.0,86.0,53.0
Alabama,2012,72.8,66.0,84.5,45.5,0.0,0.0,0.0,0.0,58.0,58.0,70.0,0.0,30.5,83.5,81.5,46.0,50.5,48.5,55.0,27.0,100.0,71.0,65.0,0.0,70.5,66.0,60.0,65.0,0.0,0.0,66.5,80.5,27.5
Alaska,2012,81.5,0.0,0.0,0.0,0.0,0.0,0.0,0.0,70.5,70.5,81.5,0.0,16.0,87.5,83.5,74.5,56.0,0.0,69.5,16.5,0.0,66.5,62.5,0.0,80.5,59.0,67.0,60.0,0.0,0.0,80.5,80.5,67.0
Arizona,2012,77.4,57.5,80.5,57.0,0.0,0.0,68.5,55.5,64.5,64.5,75.0,62.5,46.5,73.0,74.0,57.5,98.5,79.5,65.0,46.5,75.5,68.0,63.0,0.0,60.0,44.0,57.5,81.5,0.0,0.0,70.0,76.5,56.0
Arkansas,2012,68.5,94.5,92.5,49.5,0.0,0.0,0.0,0.0,52.0,52.0,81.0,0.0,40.5,86.5,84.5,52.5,54.5,0.0,61.5,23.0,0.0,67.0,61.5,0.0,82.5,69.0,73.5,59.5,0.0,0.0,76.0,81.5,29.5
California,2012,80.8,51.0,74.0,75.5,100.0,66.5,62.0,62.0,61.5,61.5,79.0,70.5,56.5,70.0,68.5,67.5,93.0,69.0,75.5,48.5,78.5,65.5,51.0,80.5,61.0,35.5,65.5,75.0,100.0,0.0,63.0,72.5,71.5
Colorado,2012,83,51.5,78.5,80.5,0.0,81.0,85.0,70.0,52.5,52.5,76.5,53.5,44.5,73.0,74.0,66.0,84.5,52.5,62.0,42.0,69.5,61.5,50.5,0.0,61.5,50.0,40.0,58.5,0.0,0.0,67.0,71.5,79.0
Connecticut,2012,77.9,54.0,76.0,56.0,0.0,0.0,42.0,55.5,52.0,52.0,70.5,0.0,71.0,75.0,79.5,63.0,82.5,73.0,73.5,33.5,79.5,70.5,49.0,0.0,56.5,52.5,67.0,62.5,0.0,0.0,64.5,67.0,61.5
Delaware,2012,76.5,0.0,0.0,0.0,0.0,0.0,0.0,0.0,66.0,66.0,79.5,0.0,35.5,91.5,96.5,63.0,76.0,0.0,75.0,61.0,0.0,84.5,67.5,0.0,59.5,59.0,59.5,65.5,0.0,0.0,79.5,86.0,53.0
District of Columbia,2012,82.6,41.5,66.0,69.0,0.0,0.0,53.0,43.5,46.0,46.0,100.0,48.0,40.5,69.0,67.5,56.5,81.0,76.0,98.0,63.5,66.0,35.5,54.0,0.0,60.5,46.5,30.5,53.0,0.0,0.0,52.0,67.0,69.0
Florida,2012,76.7,58.5,81.0,43.5,0.0,26.5,53.5,55.0,62.0,62.0,73.5,34.0,99.0,75.5,74.0,45.0,79.5,76.0,73.0,52.0,83.5,63.0,54.5,84.5,66.5,36.5,69.0,75.0,0.0,0.0,66.0,74.0,42.5
Georgia,2012,76.4,52.5,73.5,35.5,0.0,0.0,36.5,41.5,49.5,49.5,74.0,26.5,70.0,71.0,70.5,48.5,71.0,62.0,64.0,48.0,82.0,60.5,54.0,0.0,66.5,53.0,59.0,57.0,0.0,0.0,60.0,73.5,34.0
Idaho,2012,79.7,71.0,83.0,88.5,0.0,0.0,0.0,90.0,100.0,100.0,79.5,0.0,25.0,94.5,83.5,81.5,55.5,0.0,67.0,46.5,0.0,96.5,61.0,0.0,76.5,79.0,43.0,83.5,0.0,0.0,83.0,82.0,49.0
Illinois,2012,78.2,52.0,77.5,54.0,0.0,48.5,56.5,50.0,52.5,52.5,89.0,31.5,45.0,70.0,71.0,61.0,85.0,53.5,61.5,53.5,74.5,59.5,50.0,79.5,64.5,56.5,58.0,72.0,0.0,0.0,56.5,72.0,54.0
Indiana,2012,74.1,97.0,79.5,50.5,0.0,0.0,47.0,55.5,50.5,50.5,76.0,0.0,28.0,85.0,82.0,67.0,63.5,46.0,48.5,32.5,94.0,84.0,63.5,0.0,65.5,71.0,93.5,59.5,0.0,0.0,70.0,77.0,37.0
Iowa,2012,76.9,79.0,87.0,62.0,0.0,0.0,0.0,76.0,56.5,56.5,80.5,0.0,16.0,84.5,81.5,85.0,65.0,45.0,53.0,25.5,85.5,85.0,59.5,0.0,75.5,99.5,76.5,93.5,0.0,0.0,71.0,82.0,43.0
Kansas,2012,77.1,94.0,93.5,58.5,0.0,0.0,0.0,57.5,57.0,57.0,79.0,84.5,35.0,84.0,79.0,81.5,63.5,39.5,48.5,22.5,88.0,73.5,70.0,0.0,78.5,79.5,58.0,79.5,0.0,0.0,75.5,83.0,40.0
Kentucky,2012,70.3,66.0,83.0,45.0,0.0,0.0,0.0,0.0,51.5,51.5,79.5,0.0,48.5,81.0,81.5,56.5,51.0,41.0,49.0,21.5,99.0,74.5,61.5,0.0,64.5,75.0,78.5,63.0,0.0,0.0,73.5,78.5,37.0
Louisiana,2012,70.1,57.0,85.0,46.0,0.0,0.0,0.0,57.0,62.0,62.0,80.5,0.0,63.5,76.5,77.5,40.5,62.5,44.5,54.0,25.0,90.5,51.5,62.5,0.0,79.0,45.0,59.5,80.5,0.0,0.0,63.0,82.5,34.5
Maine,2012,79.1,0.0,75.0,98.5,0.0,0.0,0.0,0.0,46.0,46.0,73.5,0.0,0.0,87.5,88.0,65.0,64.0,0.0,66.5,78.0,0.0,80.5,51.5,0.0,66.5,88.5,54.0,51.0,0.0,0.0,79.0,66.0,66.0
Maryland,2012,76.9,67.5,70.0,57.0,0.0,0.0,44.5,50.0,49.0,49.0,71.0,39.5,37.5,84.0,79.5,71.5,73.5,82.5,85.0,72.5,91.0,69.5,55.5,0.0,68.0,57.5,56.0,50.0,0.0,50.0,66.0,71.0,52.5
Massachusetts,2012,80.2,37.5,76.5,70.0,0.0,0.0,55.5,43.0,48.5,48.5,89.0,41.5,28.5,73.5,74.0,71.5,79.5,77.0,93.5,58.5,70.0,60.5,49.5,76.0,61.0,45.5,55.0,62.0,0.0,0.0,60.5,70.0,87.5
Michigan,2012,76.7,60.0,71.5,52.0,0.0,0.0,53.0,55.0,45.5,45.5,73.5,52.0,42.0,73.5,70.0,54.0,73.5,54.5,52.5,42.0,80.5,74.0,51.5,0.0,67.0,60.0,84.0,55.0,0.0,0.0,60.0,67.5,50.0
Minnesota,2012,82.5,56.5,69.0,59.5,0.0,0.0,73.0,58.0,45.5,45.5,83.5,33.0,23.0,72.5,70.5,81.0,100.0,52.5,50.5,26.5,70.5,68.0,50.5,0.0,64.5,67.5,53.0,57.0,0.0,0.0,59.0,65.5,55.5
Mississippi,2012,69.2,73.5,87.0,0.0,0.0,0.0,0.0,0.0,59.5,59.5,74.5,0.0,20.0,88.5,85.0,34.5,49.0,0.0,43.0,35.0,0.0,63.5,70.5,0.0,71.0,62.5,66.0,68.5,0.0,0.0,61.5,82.5,21.5
Missouri,2012,75.3,60.5,81.0,48.5,0.0,0.0,0.0,50.0,52.0,52.0,83.0,5.5,24.0,73.0,74.0,70.0,71.5,55.5,61.0,45.0,79.5,58.5,61.0,0.0,66.0,65.5,61.5,70.5,0.0,0.0,64.5,75.5,38.0
Montana,2012,79.5,0.0,0.0,88.0,0.0,0.0,0.0,100.0,54.5,54.5,79.0,0.0,6.5,89.0,90.0,66.0,55.0,0.0,68.5,0.0,0.0,96.0,67.0,0.0,83.0,53.5,39.0,45.0,0.0,0.0,77.0,79.0,68.0
Nebraska,2012,79,54.5,95.5,60.5,0.0,0.0,0.0,0.0,61.0,61.0,92.5,76.0,31.5,84.5,76.0,73.0,78.0,48.0,50.5,29.0,85.0,79.5,68.0,0.0,67.0,97.5,60.0,92.0,0.0,0.0,71.5,86.0,41.0
Nevada,2012,78.7,54.5,84.5,55.5,0.0,0.0,0.0,0.0,79.0,79.0,70.5,0.0,59.5,70.5,70.5,53.5,73.0,73.5,77.0,44.5,87.5,67.5,66.0,0.0,62.0,40.5,72.5,80.5,0.0,0.0,79.0,81.0,51.5
New Hampshire,2012,80,0.0,0.0,65.5,0.0,0.0,0.0,0.0,45.5,45.5,73.5,0.0,12.0,84.0,88.0,95.5,68.5,75.0,84.0,38.5,0.0,87.0,55.5,0.0,65.5,66.5,50.5,61.5,0.0,0.0,75.0,79.5,74.5
New Jersey,2012,75.1,58.5,87.0,51.5,0.0,35.5,38.5,47.5,65.0,65.0,73.0,60.0,66.5,78.0,81.0,56.5,84.5,99.5,94.0,100.0,91.5,77.5,60.5,95.5,61.0,38.0,77.0,85.0,0.0,0.0,67.5,78.5,56.0
New Mexico,2012,78.2,81.0,0.0,63.0,0.0,0.0,0.0,0.0,67.5,67.5,68.5,0.0,59.5,89.0,92.5,54.5,76.0,0.0,69.0,22.5,0.0,85.0,68.5,0.0,67.5,45.0,74.0,81.5,0.0,0.0,71.5,81.0,64.0
New York,2012,75.3,46.0,71.0,58.0,0.0,47.0,40.0,40.0,53.5,53.5,83.5,49.0,99.0,68.5,68.5,48.5,74.0,78.5,89.0,67.5,73.5,63.0,49.5,74.5,58.0,33.5,59.0,60.5,98.0,0.0,58.0,69.0,73.0
North Carolina,2012,75.1,67.0,80.0,56.0,0.0,0.0,0.0,53.5,54.0,54.0,73.5,27.5,43.5,83.0,78.5,54.0,67.5,62.0,70.0,32.0,85.5,69.0,60.0,0.0,69.0,66.5,64.5,64.5,0.0,82.0,65.5,76.5,44.5
North Dakota,2012,76.2,0.0,0.0,0.0,0.0,0.0,0.0,0.0,67.0,67.0,84.0,0.0,0.0,100.0,95.0,100.0,67.0,0.0,51.5,0.0,0.0,96.0,75.0,0.0,74.0,88.5,63.5,85.5,0.0,0.0,81.0,93.0,34.0
Ohio,2012,74.7,63.5,84.5,49.0,0.0,0.0,41.0,51.0,57.0,57.0,82.0,35.5,19.5,76.5,78.5,68.0,65.0,42.5,50.0,39.0,80.0,80.5,58.5,0.0,66.0,70.0,66.0,75.0,0.0,0.0,69.0,78.0,44.0
Oklahoma,2012,71.7,54.5,93.0,45.5,0.0,0.0,0.0,0.0,68.0,68.0,77.5,0.0,27.5,81.5,78.5,58.5,59.0,72.5,72.5,40.0,93.0,61.5,69.5,0.0,78.0,61.0,68.5,92.5,0.0,0.0,80.0,88.5,32.0
Oregon,2012,83.7,66.5,65.0,97.5,0.0,100.0,100.0,69.0,49.5,49.5,74.5,86.0,32.0,77.0,73.5,75.5,80.5,55.5,59.0,26.5,70.5,70.5,40.5,0.0,79.0,56.0,58.5,46.5,0.0,0.0,74.0,60.0,69.5
Pennsylvania,2012,76.5,65.5,79.5,54.5,0.0,0.0,41.0,53.5,54.0,54.0,81.5,46.0,22.0,81.5,85.0,59.5,79.5,71.0,75.5,68.5,89.5,75.0,60.0,93.5,63.0,54.5,65.5,71.5,0.0,0.0,68.0,75.0,54.0
Rhode Island,2012,76.5,57.0,95.5,0.0,0.0,0.0,0.0,0.0,58.5,58.5,81.5,0.0,43.0,89.5,94.5,71.5,73.5,96.5,97.5,50.0,0.0,80.5,57.0,0.0,66.5,47.0,91.5,84.0,0.0,0.0,73.0,83.0,77.0
South Carolina,2012,74.9,74.0,87.5,46.5,0.0,0.0,36.5,58.5,57.5,57.5,68.5,0.0,22.5,85.5,81.5,58.5,56.5,63.5,73.5,57.5,92.0,74.5,62.0,0.0,71.5,64.5,67.0,58.5,0.0,0.0,69.5,80.0,41.0
South Dakota,2012,77.5,0.0,0.0,0.0,0.0,0.0,0.0,0.0,59.5,59.5,87.5,0.0,18.0,99.0,96.0,59.5,61.0,0.0,53.5,0.0,0.0,97.0,88.0,0.0,79.0,72.5,95.5,90.5,0.0,0.0,78.5,100.0,38.0
Tennessee,2012,71.4,57.0,90.0,51.5,0.0,0.0,0.0,47.0,53.0,53.0,73.5,32.5,38.0,80.5,80.0,66.0,53.0,43.0,52.5,26.0,90.5,70.0,59.5,0.0,72.5,71.0,72.5,65.0,0.0,0.0,67.5,80.5,39.0
Texas,2012,72.8,56.0,83.0,41.0,0.0,22.0,38.5,43.0,55.0,55.0,77.5,30.0,80.5,68.0,68.5,46.0,80.5,60.0,73.0,40.0,75.0,54.0,62.0,78.0,67.0,43.0,60.0,76.0,60.5,0.0,60.0,80.0,38.5
Utah,2012,83.5,98.5,88.5,83.5,0.0,0.0,0.0,74.5,63.5,63.5,79.0,0.0,36.0,90.0,75.0,67.5,72.5,79.5,100.0,24.5,91.0,97.0,55.5,0.0,93.0,82.5,76.0,75.5,0.0,0.0,79.5,79.0,47.5
Vermont,2012,82.8,0.0,0.0,0.0,0.0,0.0,0.0,0.0,39.5,39.5,82.0,0.0,14.0,96.0,100.0,59.0,79.5,0.0,71.0,0.0,0.0,87.5,53.0,0.0,69.0,80.0,59.0,34.0,0.0,0.0,73.0,70.0,100.0
Virginia,2012,77.5,65.0,79.5,56.0,0.0,0.0,45.0,50.5,56.5,56.5,73.0,29.0,46.0,85.5,84.5,75.0,68.0,75.5,93.0,65.0,89.0,71.0,57.0,100.0,70.0,56.5,72.5,56.0,0.0,0.0,70.5,78.5,50.5
Washington,2012,81,58.5,74.0,89.0,0.0,0.0,79.5,58.0,56.5,56.5,81.0,73.5,21.5,70.5,67.0,85.0,80.0,61.0,71.0,28.0,70.5,60.0,47.5,87.5,73.0,49.5,62.5,57.5,0.0,0.0,69.0,67.5,75.0
West Virginia,2012,69,0.0,99.0,57.0,0.0,0.0,0.0,0.0,60.5,60.5,74.5,0.0,12.0,96.5,90.5,46.5,44.5,0.0,51.5,33.5,0.0,91.0,71.0,0.0,74.0,65.0,85.5,85.0,0.0,0.0,76.5,83.5,30.5
Wisconsin,2012,79.7,60.5,75.0,71.0,0.0,0.0,59.0,57.5,43.5,43.5,74.5,51.0,25.5,79.0,80.0,74.5,67.0,50.5,57.0,24.0,82.5,78.5,57.5,0.0,67.0,75.0,66.5,59.0,0.0,0.0,65.5,70.0,49.0
Wyoming,2012,78.9,0.0,0.0,0.0,0.0,0.0,0.0,0.0,61.0,61.0,85.5,0.0,36.0,96.5,94.0,56.5,58.0,0.0,64.5,0.0,0.0,100.0,100.0,0.0,88.0,84.5,91.0,65.5,0.0,0.0,100.0,98.0,62.5
Alabama,2013,68.5,77.5,89.0,40.5,0.0,0.0,0.0,0.0,52.0,52.0,73.0,0.0,5.0,82.5,79.0,50.5,55.0,48.5,55.5,43.0,95.0,65.0,67.0,0.0,77.5,55.0,54.5,65.5,0.0,0.0,77.5,77.0,30.0
Alaska,2013,77.7,0.0,0.0,0.0,0.0,0.0,0.0,0.0,75.0,75.0,79.0,0.0,9.0,85.5,85.5,94.5,52.0,0.0,74.0,9.5,0.0,72.5,83.5,0.0,66.5,59.0,88.0,81.0,0.0,0.0,96.5,84.5,72.0
Arizona,2013,74.8,55.5,82.0,52.5,0.0,0.0,81.0,65.0,64.5,64.5,73.5,88.5,12.5,72.0,72.5,59.5,94.5,76.5,68.5,48.0,82.0,65.0,62.0,0.0,61.5,40.5,50.5,82.0,0.0,34.5,75.5,74.0,54.0
Arkansas,2013,65.6,93.5,86.5,46.0,0.0,0.0,0.0,0.0,49.5,49.5,78.0,0.0,8.5,85.0,82.0,52.0,58.0,0.0,64.5,18.5,0.0,62.0,75.0,0.0,72.5,51.0,62.0,55.5,0.0,0.0,82.0,76.5,35.0
California,2013,78.6,58.5,77.0,70.0,100.0,79.5,74.0,63.0,64.0,64.0,82.5,76.5,13.0,71.0,68.5,70.5,94.0,74.5,81.0,50.5,80.5,60.5,55.0,82.0,65.0,33.0,59.0,83.0,91.0,49.5,74.0,74.5,73.5
Colorado,2013,82.1,56.5,80.0,72.0,0.0,100.0,100.0,77.5,51.5,51.5,74.0,64.0,11.0,72.5,75.0,76.0,82.0,60.5,67.0,37.0,73.0,60.0,55.5,0.0,56.5,47.0,45.5,63.0,0.0,52.5,77.0,69.0,76.5
Connecticut,2013,75.1,60.5,82.5,54.0,0.0,0.0,45.0,52.5,56.0,56.0,76.5,0.0,12.5,78.5,81.0,75.0,84.5,76.0,80.0,53.5,79.5,65.5,61.5,0.0,58.5,46.0,63.0,64.0,0.0,58.5,79.5,67.5,62.5
Delaware,2013,72.2,0.0,0.0,0.0,0.0,0.0,0.0,0.0,58.5,58.5,85.5,0.0,6.0,93.0,100.0,84.0,75.5,0.0,81.5,30.5,0.0,78.0,85.0,0.0,69.0,62.0,63.5,68.0,0.0,0.0,95.5,85.0,53.0
District of Columbia,2013,80.5,42.5,73.5,69.0,0.0,0.0,63.5,51.0,47.0,47.0,100.0,31.5,10.5,75.5,73.5,72.5,81.5,87.5,98.0,56.0,67.5,35.0,58.5,0.0,63.5,55.5,25.5,55.0,0.0,41.0,63.0,71.0,74.0
Florida,2013,72.3,60.5,76.5,40.0,0.0,31.0,59.5,55.5,59.0,59.0,74.5,66.5,32.5,72.5,71.5,48.0,77.0,73.0,73.5,61.5,79.5,53.0,54.5,79.0,66.0,31.5,59.5,77.0,0.0,47.5,74.5,71.5,43.5
Georgia,2013,72.8,56.5,74.0,37.0,0.0,0.0,39.5,45.0,49.0,49.0,76.0,14.0,20.0,71.5,69.5,52.5,73.5,59.5,64.5,56.0,81.5,54.5,55.5,0.0,71.0,42.0,56.0,62.5,0.0,55.5,68.5,74.0,35.0
Idaho,2013,76.3,93.0,84.5,100.0,0.0,0.0,0.0,95.5,100.0,100.0,81.5,0.0,4.5,91.0,82.0,71.5,59.0,0.0,71.0,43.5,0.0,94.5,71.5,0.0,72.5,69.5,99.5,80.5,0.0,0.0,92.0,78.0,54.0
Illinois,2013,74.9,53.0,78.5,50.5,0.0,67.0,63.5,50.5,50.0,50.0,86.5,35.5,11.5,70.5,72.5,70.0,87.5,55.5,63.5,75.5,77.5,58.5,53.5,89.5,69.5,53.0,54.5,69.0,0.0,50.0,67.5,72.0,55.0
Indiana,2013,69,82.5,86.0,47.0,0.0,0.0,61.0,60.0,50.0,50.0,77.5,0.0,7.0,81.0,81.5,69.0,67.5,45.5,50.0,46.0,94.0,78.0,60.5,0.0,65.0,66.0,70.5,63.5,0.0,68.5,81.5,73.5,40.0
Iowa,2013,71.5,84.0,82.0,57.0,0.0,0.0,0.0,72.5,54.0,54.0,77.5,0.0,4.5,80.5,72.5,79.0,61.0,38.5,53.5,21.0,89.0,82.5,63.5,0.0,66.5,82.5,60.0,80.5,0.0,84.0,79.0,74.0,46.0
Kansas,2013,73.5,66.0,77.0,37.0,0.0,0.0,0.0,47.5,53.0,53.0,76.0,31.5,12.0,71.0,70.5,72.0,62.0,42.0,53.0,31.0,81.0,62.0,59.0,0.0,74.5,57.5,66.5,76.0,0.0,0.0,73.0,72.0,38.0
Kentucky,2013,69.8,71.0,89.0,36.0,0.0,0.0,0.0,0.0,50.0,50.0,80.0,0.0,6.0,77.5,77.0,65.5,53.5,39.0,52.5,37.0,93.5,67.5,64.0,0.0,69.0,62.0,74.0,66.0,0.0,58.5,79.0,72.5,37.5
Louisiana,2013,67.8,62.0,93.0,40.0,0.0,0.0,0.0,60.5,61.5,61.5,83.0,0.0,5.0,77.0,75.5,41.5,64.5,50.5,59.0,31.5,85.5,45.5,69.0,0.0,84.5,41.0,53.5,86.5,0.0,39.5,74.0,84.0,36.0
Maine,2013,76.8,0.0,70.0,73.0,0.0,0.0,0.0,0.0,43.5,43.5,74.0,0.0,0.0,86.0,84.0,65.0,62.0,0.0,66.5,33.5,0.0,82.0,53.5,0.0,76.5,65.0,60.5,42.0,0.0,0.0,85.0,63.5,64.5
Maryland,2013,74.7,59.0,76.5,53.0,0.0,0.0,58.0,50.5,48.5,48.5,77.0,32.5,8.5,84.5,81.0,68.5,75.5,85.5,86.0,67.5,90.0,61.0,62.5,0.0,72.0,51.0,61.5,53.5,0.0,53.5,77.0,70.5,52.5
Massachusetts,2013,76.5,46.5,74.0,68.0,0.0,0.0,67.5,46.5,48.0,48.0,88.0,51.0,7.0,73.0,73.5,76.0,78.5,73.0,90.5,71.5,73.0,56.0,54.0,82.0,63.5,44.5,42.0,63.5,0.0,41.5,69.0,69.0,81.0
Michigan,2013,75.6,59.5,75.0,48.5,0.0,0.0,64.5,57.0,45.5,45.5,81.5,56.5,7.0,73.0,70.0,67.0,77.5,55.5,55.0,55.0,81.5,70.0,61.5,0.0,69.0,57.0,71.0,62.0,0.0,66.0,71.0,68.0,51.0
Minnesota,2013,76.5,55.0,73.0,65.0,0.0,0.0,80.0,55.0,45.0,45.0,84.5,64.0,5.5,71.0,67.0,89.0,100.0,48.0,49.0,35.0,72.5,66.0,56.5,0.0,68.0,64.0,59.5,58.5,0.0,62.5,68.0,64.0,59.0
Mississippi,2013,61.9,60.0,84.0,0.0,0.0,0.0,0.0,0.0,53.0,53.0,66.0,0.0,8.5,77.0,74.0,32.0,47.0,0.0,49.0,35.0,0.0,51.0,56.5,0.0,77.5,42.0,56.0,71.5,0.0,46.0,60.0,71.5,24.0
Missouri,2013,71.7,62.0,81.5,42.5,0.0,0.0,0.0,51.0,51.5,51.5,84.5,22.5,5.5,71.5,73.5,71.0,68.0,56.5,63.0,37.5,76.5,53.0,61.0,0.0,70.0,54.5,54.0,70.0,0.0,40.5,72.0,73.0,41.0
Montana,2013,77.5,0.0,0.0,80.0,0.0,0.0,0.0,100.0,58.5,58.5,78.0,0.0,1.0,87.5,91.0,72.0,59.5,0.0,62.0,0.0,0.0,95.5,70.0,0.0,73.0,58.0,57.5,62.0,0.0,0.0,91.0,80.5,68.5
Nebraska,2013,74.7,74.5,93.0,64.0,0.0,0.0,0.0,0.0,59.5,59.5,86.5,16.5,7.0,81.5,77.0,84.5,75.0,49.5,48.0,32.0,88.5,82.5,75.0,0.0,80.5,93.0,63.5,100.0,0.0,0.0,88.5,82.5,44.5
Nevada,2013,76.3,61.5,87.0,50.5,0.0,0.0,0.0,0.0,74.5,74.5,73.0,0.0,13.0,70.0,67.0,62.5,74.0,69.5,82.0,40.0,84.5,57.5,64.5,0.0,59.0,35.0,62.0,92.0,0.0,100.0,82.5,76.0,53.0
New Hampshire,2013,77.6,0.0,0.0,70.0,0.0,0.0,0.0,0.0,47.5,47.5,80.5,0.0,1.5,84.5,87.0,100.0,69.5,71.0,83.5,45.0,0.0,86.0,60.5,0.0,62.5,66.0,60.5,57.0,0.0,0.0,91.5,77.5,76.0
New Jersey,2013,73.2,56.0,82.5,50.0,0.0,40.0,49.0,48.0,64.5,64.5,79.5,48.0,14.0,76.0,79.0,63.5,86.0,100.0,96.5,100.0,91.5,62.0,65.5,86.0,60.0,36.0,59.5,83.5,0.0,78.0,78.0,77.0,57.5
New Mexico,2013,75.7,74.0,0.0,49.5,0.0,0.0,0.0,0.0,68.5,68.5,70.5,0.0,14.0,85.0,88.0,51.0,72.5,0.0,74.5,22.0,0.0,81.0,76.5,0.0,66.5,46.0,64.5,91.5,0.0,0.0,81.5,79.0,67.0
New York,2013,73.3,50.0,75.5,63.0,0.0,55.0,49.5,43.0,53.0,53.0,86.0,64.0,17.0,69.5,70.0,54.0,78.0,83.5,91.0,66.5,79.5,57.0,55.0,74.5,62.5,33.0,52.5,64.0,100.0,57.5,70.0,70.0,73.5
North Carolina,2013,73.4,67.0,79.0,48.5,0.0,0.0,0.0,54.0,53.0,53.0,74.5,34.5,8.0,81.0,77.0,60.0,66.0,57.5,70.5,37.5,96.0,64.0,60.5,0.0,70.0,59.5,52.0,66.0,0.0,68.0,76.5,75.5,47.0
North Dakota,2013,72.4,0.0,0.0,0.0,0.0,0.0,0.0,0.0,75.0,75.0,86.5,0.0,0.0,96.0,88.5,89.0,72.0,0.0,54.5,0.0,0.0,93.0,100.0,0.0,72.5,93.0,90.0,88.5,0.0,0.0,92.0,92.0,45.0
Ohio,2013,71.5,67.5,87.0,48.0,0.0,0.0,47.0,50.5,54.5,54.5,82.0,37.5,6.5,75.0,76.5,75.0,70.5,48.5,51.5,43.5,83.5,77.5,62.0,0.0,65.0,66.5,64.5,72.5,0.0,69.0,79.5,73.5,46.5
Oklahoma,2013,67,72.0,97.5,34.5,0.0,0.0,0.0,0.0,64.0,64.0,83.5,0.0,6.0,72.5,71.5,60.5,57.5,70.0,83.0,37.0,81.5,48.0,66.5,0.0,71.0,40.0,48.5,95.0,0.0,45.5,80.5,85.0,36.5
Oregon,2013,81.5,50.0,42.5,62.5,0.0,82.5,78.5,47.5,33.0,33.0,48.0,92.0,100.0,52.0,48.0,46.0,48.5,37.0,45.0,17.0,54.0,46.5,29.5,0.0,49.5,31.5,37.5,29.0,0.0,31.5,54.5,39.0,44.5
Pennsylvania,2013,73.7,61.5,82.0,53.5,0.0,0.0,54.5,55.0,53.0,53.0,83.5,47.5,5.0,79.5,83.5,62.0,77.5,67.5,73.5,65.5,86.0,70.5,69.0,100.0,66.0,50.5,60.5,70.5,0.0,81.0,78.5,73.5,56.0
Rhode Island,2013,73.1,70.0,90.5,0.0,0.0,0.0,0.0,0.0,57.5,57.5,82.0,0.0,9.5,85.0,91.0,69.5,81.5,94.0,99.0,53.5,0.0,77.0,67.0,0.0,66.0,53.0,64.5,87.0,0.0,0.0,90.0,79.0,78.5
South Carolina,2013,73.1,71.5,85.5,35.5,0.0,0.0,44.0,55.5,49.5,49.5,68.5,0.0,6.0,80.5,78.5,57.5,55.5,59.5,71.5,21.0,100.0,69.5,60.0,0.0,73.0,52.5,51.5,64.0,0.0,37.5,76.0,75.0,43.0
South Dakota,2013,76.2,0.0,0.0,0.0,0.0,0.0,0.0,0.0,60.0,60.0,87.0,0.0,3.5,100.0,93.5,74.5,64.5,0.0,53.0,0.0,0.0,100.0,99.5,0.0,87.0,95.5,67.0,80.0,0.0,0.0,89.0,94.0,43.5
Tennessee,2013,62.8,59.5,88.5,45.5,0.0,0.0,0.0,46.5,55.0,55.0,78.5,29.5,6.5,77.0,75.0,58.0,55.0,44.0,55.0,35.5,87.5,60.0,62.0,0.0,71.5,52.5,58.0,69.5,0.0,62.5,76.0,79.0,40.5
Texas,2013,69.9,60.0,82.5,37.0,0.0,27.5,47.5,44.0,55.5,55.5,77.0,39.0,23.0,69.0,66.5,54.0,80.5,63.5,75.5,50.0,78.5,48.0,63.0,77.0,67.5,38.0,61.0,85.0,66.0,44.0,72.0,81.0,41.0
Utah,2013,79.4,86.0,82.5,78.0,0.0,0.0,0.0,71.5,60.5,60.5,79.5,0.0,9.0,81.5,72.5,67.0,71.5,75.0,94.5,36.0,85.5,91.0,59.5,0.0,88.0,61.0,67.0,82.5,0.0,74.0,79.0,73.0,53.0
Vermont,2013,79.5,0.0,0.0,0.0,0.0,0.0,0.0,0.0,40.0,40.0,84.0,0.0,2.5,93.5,89.0,89.5,75.0,0.0,66.0,0.0,0.0,92.0,56.0,0.0,87.0,71.0,51.0,56.0,0.0,0.0,85.0,66.5,100.0
Virginia,2013,74.5,62.0,82.5,58.5,0.0,0.0,53.0,49.0,54.0,54.0,80.5,41.0,7.0,80.0,79.5,77.5,72.5,72.0,92.0,59.5,87.5,60.5,60.5,95.5,70.5,50.5,54.0,65.0,0.0,64.5,77.0,74.0,53.0
Washington,2013,80,57.0,74.5,88.5,0.0,0.0,89.0,58.0,54.5,54.5,81.0,66.5,6.0,70.0,67.0,87.5,77.5,63.0,68.5,39.5,72.5,58.0,53.0,95.0,76.0,42.5,52.5,61.5,0.0,43.0,78.0,66.0,72.5
West Virginia,2013,68.6,0.0,94.5,52.5,0.0,0.0,0.0,0.0,59.5,59.5,77.0,0.0,2.5,92.5,87.5,58.0,46.0,0.0,53.5,35.0,0.0,82.5,75.0,0.0,67.5,67.5,78.5,90.5,0.0,0.0,85.5,81.0,36.5
Wisconsin,2013,76.2,75.0,78.0,64.0,0.0,0.0,59.5,58.0,43.5,43.5,77.0,44.5,5.5,78.0,76.0,70.0,69.5,43.5,50.0,18.5,82.5,80.0,61.0,0.0,66.5,70.0,58.0,56.5,0.0,60.5,75.5,67.0,51.0
Wyoming,2013,74.9,0.0,0.0,0.0,0.0,0.0,0.0,0.0,63.0,63.0,87.0,0.0,4.0,95.5,92.5,74.5,62.0,0.0,72.0,0.0,0.0,92.5,92.5,0.0,95.5,76.5,63.5,75.0,0.0,0.0,95.5,100.0,68.0
Alabama,2014,72.4,62.0,88.0,38.0,0.0,0.0,0.0,0.0,59.0,59.0,84.5,0.0,20.0,82.0,81.5,53.5,57.0,44.0,54.5,27.5,99.5,55.5,56.0,0.0,81.5,62.0,61.0,67.5,0.0,0.0,79.5,81.0,33.5
Alaska,2014,80.8,0.0,0.0,0.0,0.0,0.0,0.0,0.0,79.5,79.5,86.5,0.0,10.0,85.5,87.0,84.0,57.5,0.0,77.5,12.5,0.0,71.5,77.5,0.0,86.5,66.0,74.0,60.0,0.0,0.0,98.5,87.0,73.0
Arizona,2014,78.8,51.0,80.0,54.5,0.0,0.0,90.0,63.0,70.5,70.5,82.5,39.5,31.0,73.5,76.5,56.0,95.0,73.0,67.0,50.5,85.5,63.0,60.5,0.0,64.5,51.0,59.5,74.5,0.0,46.0,83.5,77.5,54.0
Arkansas,2014,69.4,74.0,82.5,33.0,0.0,0.0,0.0,0.0,56.0,56.0,90.5,0.0,17.0,83.5,84.5,53.5,63.0,0.0,63.0,26.5,0.0,56.5,61.5,0.0,74.5,58.5,79.5,63.5,0.0,0.0,86.5,81.5,36.5
California,2014,78.3,51.0,73.0,71.5,100.0,97.5,76.0,61.5,68.0,68.0,90.0,64.5,27.5,71.5,72.5,61.0,93.5,74.0,80.0,46.0,83.0,57.5,54.0,84.0,65.5,40.0,60.0,77.5,88.0,50.0,82.0,77.0,68.0
Colorado,2014,83.6,50.0,79.5,82.0,0.0,100.0,100.0,77.0,57.0,57.0,87.0,53.5,24.5,71.5,73.5,69.0,84.5,60.0,68.0,38.0,76.5,56.5,56.5,0.0,64.5,55.0,48.5,63.0,0.0,48.0,79.0,74.5,76.5
Connecticut,2014,79.4,57.0,75.0,55.5,0.0,0.0,52.0,51.5,61.0,61.0,86.0,0.0,19.0,77.5,84.5,69.0,83.5,73.5,78.5,38.0,88.5,60.0,57.0,0.0,65.0,56.5,63.0,62.5,0.0,76.5,83.5,72.0,63.0
Delaware,2014,75.1,0.0,0.0,0.0,0.0,0.0,0.0,0.0,66.5,66.5,98.0,0.0,17.0,100.0,99.5,80.0,78.5,0.0,83.0,66.0,0.0,69.0,57.0,0.0,71.0,64.0,68.0,82.5,0.0,0.0,99.5,84.5,55.5
District of Columbia,2014,79.2,29.0,70.0,67.0,0.0,0.0,70.5,45.0,52.0,52.0,98.5,61.5,39.5,69.0,72.5,80.0,81.0,80.5,96.5,60.0,63.0,37.0,40.0,0.0,66.5,50.5,32.0,63.5,0.0,54.0,73.0,70.5,72.0
Florida,2014,76.3,63.5,78.0,42.5,0.0,50.5,68.0,56.5,63.5,63.5,86.0,39.0,47.0,75.5,76.5,49.0,82.0,73.0,74.0,61.5,86.5,50.0,48.0,84.0,74.0,41.0,64.5,75.5,0.0,46.5,83.5,77.5,47.5
Georgia,2014,76.4,51.0,67.5,35.0,0.0,0.0,43.5,49.0,50.0,50.0,80.0,22.0,35.5,70.5,72.0,52.5,72.5,54.5,60.0,53.0,88.0,50.0,46.0,0.0,74.5,48.5,59.0,57.5,0.0,52.0,76.0,72.0,36.5
Idaho,2014,81.3,72.0,91.5,96.5,0.0,0.0,0.0,94.0,100.0,100.0,90.5,0.0,8.5,88.0,81.5,62.5,58.5,0.0,71.0,29.0,0.0,94.0,77.0,0.0,83.0,74.0,76.0,83.5,0.0,0.0,91.0,83.5,56.5
Illinois,2014,76.1,49.5,78.5,49.0,0.0,82.5,60.0,53.0,55.5,55.5,95.0,33.5,22.5,72.0,75.5,68.5,87.0,58.0,66.0,61.5,81.0,54.5,49.0,96.5,86.5,56.0,60.0,69.5,0.0,63.5,76.0,77.5,55.5
Indiana,2014,73.9,80.5,79.0,42.5,0.0,0.0,54.5,56.5,55.0,55.0,88.5,0.0,10.0,82.5,81.0,80.5,71.0,41.0,49.0,26.0,92.5,74.0,59.0,0.0,74.0,73.5,79.5,64.5,0.0,78.5,82.0,77.0,44.5
Iowa,2014,77.4,66.0,83.0,51.5,0.0,0.0,0.0,75.0,62.0,62.0,93.5,0.0,8.5,82.5,80.5,93.0,66.5,42.5,55.5,21.0,92.0,81.5,64.0,0.0,78.0,82.5,67.0,79.5,0.0,53.0,80.5,81.0,51.5
Kansas,2014,76.2,56.0,77.0,34.5,0.0,0.0,0.0,52.0,55.5,55.5,80.0,30.0,41.0,70.0,72.5,63.5,56.5,39.5,53.5,27.0,82.0,55.0,56.0,0.0,74.0,60.0,56.0,70.0,0.0,0.0,75.0,73.0,37.5
Kentucky,2014,71.8,53.5,85.5,40.5,0.0,0.0,0.0,0.0,57.0,57.0,92.5,0.0,14.0,75.5,77.0,71.5,60.5,45.5,56.0,36.5,93.5,59.5,56.5,0.0,78.5,60.0,63.5,72.0,0.0,64.0,82.0,77.5,41.0
Louisiana,2014,70.5,44.5,86.0,33.0,0.0,0.0,0.0,60.0,64.0,64.0,85.5,0.0,15.0,72.0,76.5,46.0,68.5,57.0,60.0,32.0,91.5,41.5,52.5,0.0,89.5,49.0,48.0,89.0,0.0,57.0,79.0,85.5,36.5
Maine,2014,80.3,0.0,80.5,79.5,0.0,0.0,0.0,0.0,45.0,45.0,91.0,0.0,0.0,88.5,95.0,73.0,67.5,0.0,68.5,47.0,0.0,85.5,61.0,0.0,63.0,87.0,72.0,48.5,0.0,0.0,91.5,70.5,69.0
Maryland,2014,78.6,60.0,72.0,58.0,0.0,0.0,58.0,51.5,56.0,56.0,85.5,30.5,15.5,87.0,87.0,74.5,75.0,77.5,84.5,63.0,94.0,59.5,54.5,0.0,76.0,64.5,55.0,54.5,0.0,68.0,88.5,75.0,55.0
Massachusetts,2014,79.9,47.0,77.0,67.0,0.0,0.0,62.5,51.0,52.5,52.5,95.0,37.0,16.0,76.0,80.5,80.0,80.0,74.0,88.5,55.0,82.0,56.5,50.5,87.5,70.0,58.0,52.0,60.5,0.0,71.0,79.0,74.0,81.0
Michigan,2014,74.5,56.0,76.5,50.0,0.0,0.0,64.5,62.5,52.5,52.5,90.5,28.5,13.0,73.5,75.5,67.0,81.5,58.5,56.5,50.0,82.5,66.0,54.0,0.0,82.5,61.0,74.5,65.0,0.0,79.0,76.5,72.0,53.5
Minnesota,2014,79.8,54.0,76.0,72.5,0.0,0.0,82.0,59.5,49.0,49.0,91.0,36.5,12.5,72.5,72.5,87.0,100.0,46.5,48.0,30.0,78.0,66.5,52.5,0.0,73.0,73.5,63.5,55.5,0.0,56.5,73.5,70.0,60.5
Mississippi,2014,68.4,49.0,95.0,0.0,0.0,0.0,0.0,0.0,62.5,62.5,89.0,0.0,21.0,83.0,82.0,39.0,56.0,0.0,54.0,31.5,0.0,48.0,56.0,0.0,90.5,50.5,62.5,77.5,0.0,61.5,78.0,83.0,30.0
Missouri,2014,75,60.5,82.5,44.5,0.0,0.0,0.0,50.5,54.5,54.5,97.5,9.5,9.0,75.5,77.0,76.5,71.5,55.5,63.5,39.5,85.0,52.0,59.0,0.0,76.5,68.5,58.0,65.5,0.0,58.5,79.5,77.5,44.0
Montana,2014,80.4,0.0,0.0,99.0,0.0,0.0,0.0,100.0,59.0,59.0,90.0,0.0,4.5,91.0,91.0,81.5,63.0,0.0,59.5,0.0,0.0,100.0,84.5,0.0,86.0,82.5,66.5,68.0,0.0,0.0,92.5,86.5,69.0
Nebraska,2014,78.7,60.0,85.0,55.0,0.0,0.0,0.0,0.0,66.0,66.0,98.5,72.0,12.5,81.0,79.5,100.0,75.0,45.5,52.0,25.5,91.0,78.5,67.5,0.0,82.5,93.0,71.0,84.5,0.0,0.0,89.0,85.5,48.0
Nevada,2014,77.5,43.5,83.5,51.5,0.0,0.0,0.0,0.0,80.5,80.5,87.5,0.0,27.0,68.5,70.5,54.5,77.5,72.0,82.0,40.5,81.0,53.0,58.0,0.0,75.5,40.5,66.0,92.0,0.0,56.5,87.0,80.5,52.5
New Hampshire,2014,80.7,0.0,0.0,82.5,0.0,0.0,0.0,0.0,52.5,52.5,91.5,0.0,11.0,86.5,91.0,96.0,74.0,57.0,82.0,25.5,0.0,87.0,54.5,0.0,65.5,75.5,87.0,56.5,0.0,0.0,94.0,86.5,76.5
New Jersey,2014,76.7,50.5,81.5,53.0,0.0,51.5,46.0,47.0,67.5,67.5,85.5,27.5,31.0,78.0,84.0,57.5,90.5,100.0,97.5,100.0,94.0,59.0,56.0,86.5,65.5,47.0,59.5,78.0,0.0,79.0,85.5,80.0,59.0
New Mexico,2014,76.7,61.5,0.0,56.0,0.0,0.0,0.0,0.0,80.5,80.5,81.5,0.0,25.5,84.0,93.5,49.0,76.0,0.0,78.0,17.5,0.0,78.5,72.0,0.0,77.5,62.0,60.0,82.0,0.0,0.0,84.0,85.0,65.5
New York,2014,74.1,46.0,73.5,52.5,0.0,70.5,46.5,44.5,58.0,58.0,95.5,38.0,38.0,70.5,74.0,49.5,84.0,85.0,93.5,60.5,79.0,54.0,50.0,80.0,65.5,40.0,53.0,63.5,100.0,65.0,78.5,74.5,70.0
North Carolina,2014,76.8,66.5,78.0,45.5,0.0,0.0,0.0,53.0,55.0,55.0,82.5,27.0,18.5,80.5,78.0,61.5,69.0,55.5,70.0,39.5,92.0,60.5,51.0,0.0,76.0,67.5,56.0,62.5,0.0,62.5,81.0,76.5,50.0
North Dakota,2014,78.7,0.0,0.0,0.0,0.0,0.0,0.0,0.0,80.0,80.0,94.5,0.0,0.0,90.5,90.0,89.0,71.5,0.0,60.0,0.0,0.0,89.0,86.5,0.0,86.0,72.0,50.0,77.5,0.0,0.0,92.0,100.0,48.5
Ohio,2014,75.1,66.5,80.5,45.0,0.0,0.0,53.0,50.5,62.0,62.0,95.0,31.5,12.0,77.0,80.5,80.5,73.0,45.5,54.0,40.0,87.5,73.5,60.0,0.0,75.5,69.0,70.5,71.0,0.0,85.5,84.0,77.5,52.0
Oklahoma,2014,71.7,48.5,88.0,36.5,0.0,0.0,0.0,0.0,68.0,68.0,99.0,0.0,26.0,72.5,73.0,66.5,65.5,69.0,85.5,46.0,83.0,41.5,61.5,0.0,76.0,47.0,56.0,98.5,0.0,49.5,82.0,86.5,42.5
Oregon,2014,83.5,33.5,33.5,45.5,0.0,61.5,52.0,33.0,30.5,30.5,40.5,100.0,100.0,42.5,39.5,30.0,38.5,28.5,36.5,12.0,47.0,35.0,24.5,0.0,47.5,29.5,33.5,22.5,0.0,21.5,47.0,33.0,36.0
Pennsylvania,2014,76.7,57.5,76.5,52.5,0.0,0.0,48.0,55.5,58.5,58.5,96.0,31.5,12.5,79.0,85.0,67.0,82.0,67.5,75.5,57.0,83.5,65.0,62.0,98.5,70.0,57.0,57.0,70.5,0.0,100.0,81.5,75.5,57.0
Rhode Island,2014,77.5,51.0,90.5,0.0,0.0,0.0,0.0,0.0,63.0,63.0,92.0,0.0,20.0,83.5,96.5,71.5,87.0,92.5,92.5,47.5,0.0,73.0,49.5,0.0,82.5,66.0,81.5,64.0,0.0,0.0,95.5,83.5,78.5
South Carolina,2014,74.7,51.5,78.0,40.5,0.0,0.0,42.0,55.0,54.0,54.0,81.0,0.0,17.5,77.5,79.0,57.0,61.0,55.5,70.5,38.5,90.5,60.0,52.0,0.0,82.5,59.0,54.0,59.0,0.0,61.5,80.0,77.5,43.0
South Dakota,2014,78.8,0.0,0.0,0.0,0.0,0.0,0.0,0.0,66.5,66.5,100.0,0.0,7.0,96.0,95.5,93.0,68.5,0.0,55.0,0.0,0.0,95.5,89.5,0.0,90.5,80.0,100.0,62.0,0.0,0.0,90.0,93.5,50.5
Tennessee,2014,73.2,50.0,87.5,36.5,0.0,0.0,0.0,50.0,59.5,59.5,89.0,22.0,11.0,75.5,78.0,63.5,61.0,47.0,59.0,27.0,86.5,57.0,49.5,0.0,80.0,64.5,60.0,76.0,0.0,52.5,81.5,82.0,44.5
Texas,2014,72.4,56.5,81.5,39.0,0.0,42.5,47.0,47.0,64.0,64.0,86.5,32.5,52.5,71.5,71.5,57.5,83.0,67.5,75.0,47.0,82.5,46.0,63.0,80.5,73.5,47.5,59.5,86.0,60.5,53.5,81.5,88.0,43.5
Utah,2014,83.2,100.0,88.0,95.5,0.0,0.0,0.0,91.5,73.5,73.5,94.0,0.0,16.5,88.0,80.5,76.0,73.0,73.0,92.0,28.5,98.5,92.5,73.5,0.0,93.0,81.5,69.0,76.5,0.0,69.5,87.5,81.0,57.5
Vermont,2014,81,0.0,0.0,0.0,0.0,0.0,0.0,0.0,42.5,42.5,94.0,0.0,2.5,90.0,99.5,77.0,77.0,0.0,75.0,0.0,0.0,89.0,51.0,0.0,67.5,80.0,68.0,51.0,0.0,0.0,84.5,72.5,100.0
Virginia,2014,76.5,37.0,58.5,38.5,0.0,0.0,41.5,39.0,47.0,47.0,67.0,24.5,40.5,65.0,64.5,52.0,56.0,51.5,70.0,44.0,79.0,42.5,39.5,74.5,59.5,42.0,50.0,48.0,0.0,50.0,64.5,59.0,41.0
Washington,2014,81.9,46.5,70.0,82.5,0.0,0.0,98.0,59.0,58.5,58.5,90.0,58.5,15.0,70.0,72.0,78.0,81.5,62.5,69.0,40.0,75.0,56.5,48.5,98.0,71.5,53.0,64.0,59.0,0.0,50.0,80.5,70.0,70.5
West Virginia,2014,71.3,0.0,89.5,50.0,0.0,0.0,0.0,0.0,70.5,70.5,94.0,0.0,10.5,86.5,86.0,59.0,53.5,0.0,53.0,24.0,0.0,73.5,74.5,0.0,73.5,76.5,81.0,79.5,0.0,0.0,82.5,84.0,39.5
Wisconsin,2014,78.8,66.0,76.5,57.5,0.0,0.0,76.0,63.5,48.0,48.0,87.5,44.5,11.0,76.5,77.5,80.5,69.5,41.0,49.5,23.0,79.5,77.5,54.0,0.0,72.0,76.0,63.5,57.5,0.0,66.0,78.0,69.5,53.5
Wyoming,2014,77.9,0.0,0.0,0.0,0.0,0.0,0.0,0.0,74.5,74.5,93.0,0.0,14.0,90.5,91.5,84.5,60.5,0.0,69.5,0.0,0.0,86.5,100.0,0.0,97.5,99.5,53.5,81.5,0.0,0.0,91.5,96.5,68.5
Alabama,2015,68.1,61.5,88.0,39.0,0.0,0.0,0.0,0.0,60.5,60.5,78.5,0.0,7.5,86.0,79.5,67.0,57.5,43.0,54.5,34.5,98.5,60.0,53.5,0.0,88.0,55.0,54.5,69.5,0.0,0.0,88.5,86.0,34.5
Alaska,2015,78.1,0.0,0.0,0.0,0.0,0.0,0.0,0.0,77.5,77.5,79.0,0.0,10.5,86.5,89.0,79.5,61.0,0.0,83.0,17.5,0.0,76.0,92.0,0.0,88.5,69.0,100.0,62.5,0.0,0.0,96.0,91.0,74.5
Arizona,2015,75.3,68.0,82.0,55.5,0.0,0.0,84.0,62.0,69.5,69.5,78.5,65.5,28.5,78.0,75.0,59.0,100.0,81.0,66.5,62.0,81.0,65.5,56.0,0.0,66.5,61.0,62.0,79.5,0.0,55.0,92.0,81.5,55.5
Arkansas,2015,65.8,66.5,83.5,43.5,0.0,0.0,0.0,0.0,51.0,51.0,81.5,0.0,19.5,82.5,80.5,56.5,65.0,0.0,60.0,41.0,0.0,54.0,52.0,0.0,74.5,67.0,73.5,68.0,0.0,0.0,87.0,81.0,36.5
California,2015,80.1,51.0,77.5,72.5,100.0,87.0,72.0,57.5,65.5,65.5,89.5,70.0,33.5,72.5,70.0,58.5,97.5,74.0,82.0,61.0,76.5,57.0,52.0,79.0,69.0,46.0,56.5,80.5,86.5,50.0,88.0,81.0,66.0
Colorado,2015,82.1,51.0,86.5,85.5,0.0,100.0,100.0,76.0,60.0,60.0,77.0,42.0,24.5,78.0,76.5,73.5,82.5,64.5,67.5,48.5,76.5,60.0,54.5,0.0,67.0,65.0,51.5,66.0,0.0,48.0,83.5,81.0,76.5
Connecticut,2015,76.5,41.5,82.0,61.5,0.0,0.0,51.5,58.0,59.0,59.0,83.0,0.0,19.5,81.0,87.5,74.0,86.0,71.0,78.5,54.0,82.5,61.5,48.0,0.0,67.0,68.0,57.0,66.0,0.0,64.0,90.0,78.5,65.0
Delaware,2015,70.6,0.0,0.0,0.0,0.0,0.0,0.0,0.0,70.5,70.5,90.0,0.0,14.0,100.0,98.5,87.0,79.0,0.0,84.0,75.5,0.0,75.0,55.5,0.0,74.0,65.5,52.0,67.5,0.0,0.0,99.5,85.0,55.0
District of Columbia,2015,80.6,33.0,80.5,66.5,0.0,0.0,59.5,53.0,58.5,58.5,100.0,37.0,24.0,71.0,70.5,64.0,88.0,78.0,94.5,79.5,62.5,38.5,48.0,0.0,67.0,46.5,43.0,78.5,0.0,71.5,82.5,82.5,66.5
Florida,2015,73.8,57.5,76.0,42.5,0.0,48.5,66.5,54.5,64.0,64.0,78.0,50.5,59.0,77.5,76.5,55.5,84.5,72.0,72.0,74.5,81.5,50.5,44.5,78.0,73.0,45.5,57.0,73.5,0.0,49.0,86.5,79.0,46.5
Georgia,2015,72.7,54.0,75.5,35.0,0.0,0.0,50.0,50.0,53.0,53.0,75.5,28.0,29.5,71.0,68.5,60.5,74.5,57.0,61.0,70.0,81.5,51.5,46.0,0.0,76.5,49.0,52.5,66.0,0.0,48.0,86.5,78.0,39.0
Idaho,2015,78.8,93.5,94.5,100.0,0.0,0.0,0.0,86.0,100.0,100.0,85.5,0.0,10.0,91.5,80.0,68.5,58.5,0.0,68.0,38.5,0.0,96.5,69.5,0.0,83.0,86.5,84.5,89.0,0.0,0.0,92.0,87.5,57.0
Illinois,2015,75.2,52.5,79.5,47.5,0.0,61.0,58.5,50.0,56.5,56.5,87.5,25.5,27.5,71.0,71.5,70.5,84.5,55.5,65.0,64.5,72.5,52.0,46.0,83.5,98.5,60.0,56.5,68.5,0.0,70.0,79.5,77.0,53.0
Indiana,2015,70.6,100.0,83.5,40.0,0.0,0.0,43.0,53.0,56.5,56.5,83.0,0.0,21.0,85.5,81.5,82.0,69.0,42.0,49.5,30.5,95.5,71.5,51.0,0.0,74.0,83.5,66.5,65.5,0.0,87.0,84.5,79.5,43.5
Iowa,2015,73.7,85.5,92.5,59.0,0.0,0.0,0.0,69.5,66.5,66.5,89.0,0.0,9.0,85.5,78.5,91.0,66.0,42.5,55.0,26.0,85.5,84.5,54.0,0.0,82.5,91.5,66.5,82.5,0.0,83.5,87.0,88.0,52.0
Kansas,2015,73.5,64.0,77.0,36.5,0.0,0.0,0.0,47.0,54.0,54.0,66.5,43.0,40.5,69.0,65.0,61.5,49.0,35.5,47.5,29.0,73.0,54.5,48.5,0.0,73.5,63.0,47.0,64.0,0.0,0.0,75.0,71.0,38.5
Kentucky,2015,67.5,61.5,90.5,40.0,0.0,0.0,0.0,0.0,62.0,62.0,92.5,0.0,12.0,82.0,77.5,81.0,65.0,42.0,57.0,43.5,90.0,60.5,57.0,0.0,78.0,71.5,48.0,83.0,0.0,84.0,87.0,86.5,43.0
Louisiana,2015,68.1,54.5,95.0,33.5,0.0,0.0,0.0,56.0,64.0,64.0,74.5,0.0,15.0,81.0,79.0,58.5,68.0,61.5,61.0,42.0,87.5,46.5,44.0,0.0,96.0,54.0,54.0,90.0,0.0,46.5,94.5,90.0,40.0
Maine,2015,75.2,0.0,81.0,73.5,0.0,0.0,0.0,0.0,45.0,45.0,85.0,0.0,0.0,88.0,89.5,80.0,65.0,0.0,70.5,42.5,0.0,88.0,44.5,0.0,71.0,98.0,55.5,51.5,0.0,0.0,87.5,75.0,69.5
Maryland,2015,75.9,65.5,77.0,63.0,0.0,0.0,54.5,46.0,55.0,55.0,80.5,29.0,16.5,89.0,84.5,79.0,76.5,73.0,83.0,78.5,88.0,64.0,52.5,0.0,69.5,71.0,51.0,56.0,0.0,74.0,94.5,77.5,57.0
Massachusetts,2015,73.5,47.5,80.5,73.0,0.0,0.0,66.5,48.5,53.5,53.5,86.5,32.5,17.0,81.0,79.5,74.5,80.5,73.0,86.5,59.0,79.5,57.5,48.5,85.5,70.0,62.0,45.5,62.5,0.0,71.5,84.0,78.0,77.5
Michigan,2015,74.5,66.5,82.0,56.0,0.0,0.0,65.5,63.0,54.0,54.0,86.5,46.5,13.0,75.0,71.0,70.5,81.5,53.5,56.0,59.0,80.5,63.5,52.5,0.0,91.0,61.0,63.5,68.0,0.0,95.0,81.5,76.0,51.5
Minnesota,2015,78.2,57.0,77.5,73.0,0.0,0.0,89.0,62.0,49.5,49.5,83.5,45.0,13.5,79.0,74.5,87.0,97.5,48.5,48.0,41.0,76.0,72.0,54.5,0.0,78.5,85.0,51.5,56.5,0.0,62.0,81.0,73.5,58.5
Mississippi,2015,63.2,72.5,85.0,0.0,0.0,0.0,0.0,0.0,61.5,61.5,77.0,0.0,9.0,89.0,80.0,59.0,53.0,0.0,51.5,31.0,0.0,55.0,47.5,0.0,95.5,58.0,51.0,78.5,0.0,76.0,88.5,88.0,31.0
Missouri,2015,73,62.5,83.0,48.5,0.0,0.0,0.0,49.0,55.5,55.5,86.5,15.0,9.0,78.0,75.0,74.5,68.0,54.0,62.5,55.5,81.5,52.0,55.5,0.0,82.5,71.0,62.5,70.0,0.0,58.0,83.5,79.0,44.0
Montana,2015,77.5,0.0,0.0,94.5,0.0,0.0,0.0,100.0,65.0,65.0,84.5,0.0,5.0,85.0,89.5,88.0,62.5,0.0,61.0,0.0,0.0,96.5,73.0,0.0,91.0,74.5,66.5,66.5,0.0,0.0,86.5,90.0,71.5
Nebraska,2015,74.7,54.0,89.5,58.0,0.0,0.0,0.0,0.0,65.5,65.5,90.5,61.5,13.5,82.0,73.5,88.0,73.0,48.5,54.5,39.5,75.0,76.5,79.5,0.0,78.5,89.0,68.5,94.5,0.0,0.0,90.5,90.5,46.0
Nevada,2015,75.3,52.5,86.0,53.5,0.0,0.0,0.0,0.0,75.0,75.0,74.0,0.0,34.0,69.0,68.0,48.0,86.0,80.5,78.5,53.5,86.5,57.0,63.0,0.0,67.5,48.5,63.5,95.5,0.0,51.0,98.0,83.5,48.5
New Hampshire,2015,77.4,0.0,0.0,76.0,0.0,0.0,0.0,0.0,56.5,56.5,86.5,0.0,7.0,90.5,94.0,90.0,74.5,62.5,76.5,49.0,0.0,87.0,55.0,0.0,72.5,91.0,50.5,58.5,0.0,0.0,95.5,86.0,76.0
New Jersey,2015,72.8,51.0,84.0,52.0,0.0,58.0,50.5,47.5,67.5,67.5,83.0,30.5,36.0,80.5,83.0,65.0,92.0,100.0,93.5,100.0,83.0,60.0,50.5,83.5,66.0,49.0,56.5,78.5,0.0,86.0,88.5,81.5,59.0
New Mexico,2015,77.4,70.5,0.0,60.5,0.0,0.0,0.0,0.0,74.0,74.0,74.5,0.0,29.5,87.0,92.5,55.5,75.0,0.0,78.5,25.5,0.0,78.5,66.0,0.0,67.5,64.5,68.5,89.0,0.0,0.0,89.0,89.5,64.0
New York,2015,70.7,46.5,79.0,53.0,0.0,60.5,46.0,46.0,59.0,59.0,88.5,44.0,35.0,72.5,72.5,52.0,85.5,83.5,90.5,68.0,74.0,55.5,48.0,77.0,65.5,44.5,50.5,65.5,100.0,61.5,87.0,80.5,67.0
North Carolina,2015,73.8,60.0,80.0,49.5,0.0,0.0,0.0,51.0,56.5,56.5,76.0,27.0,20.0,82.5,74.5,64.0,70.5,56.0,72.0,50.0,88.0,61.0,52.0,0.0,76.0,74.5,51.5,61.5,0.0,53.5,85.5,80.5,50.0
North Dakota,2015,73.2,0.0,0.0,0.0,0.0,0.0,0.0,0.0,87.0,87.0,94.0,0.0,0.0,92.5,88.5,99.5,73.5,0.0,53.0,0.0,0.0,84.5,66.0,0.0,74.0,88.5,62.5,84.5,0.0,0.0,93.0,100.0,47.5
Ohio,2015,73,63.5,83.5,49.5,0.0,0.0,48.0,51.0,62.0,62.0,87.5,30.5,7.0,79.5,80.5,81.0,75.0,47.0,51.5,46.5,87.0,73.0,53.0,0.0,77.0,72.0,64.5,74.0,0.0,90.0,87.5,80.5,50.0
Oklahoma,2015,66.8,47.0,93.5,37.0,0.0,0.0,0.0,0.0,68.5,68.5,92.0,0.0,58.0,77.5,72.5,66.5,69.5,76.0,87.0,56.5,79.5,44.5,58.5,0.0,73.0,59.0,52.0,94.5,0.0,45.0,90.0,92.5,45.0
Oregon,2015,81.3,36.0,39.0,47.0,0.0,78.0,53.0,34.0,33.0,33.0,38.5,84.5,100.0,48.0,41.0,30.5,38.0,30.5,41.0,20.0,51.5,37.0,25.5,0.0,53.5,31.0,37.0,24.5,0.0,24.5,48.0,37.5,39.5
Pennsylvania,2015,72.2,60.5,86.0,58.5,0.0,0.0,58.0,54.5,62.5,62.5,91.0,55.0,15.5,83.5,85.0,70.0,84.5,67.0,74.0,66.5,84.5,67.5,55.0,97.5,69.0,68.5,52.0,70.0,0.0,89.5,89.5,82.0,59.5
Rhode Island,2015,71.9,53.5,81.5,0.0,0.0,0.0,0.0,0.0,58.5,58.5,86.0,0.0,20.0,86.0,88.5,66.5,96.0,93.0,87.0,73.0,0.0,72.5,37.5,0.0,69.0,59.0,65.0,64.5,0.0,0.0,95.5,82.5,75.5
South Carolina,2015,73.3,46.5,73.5,42.5,0.0,0.0,41.5,57.5,52.5,52.5,71.0,0.0,21.0,74.5,72.0,54.5,58.5,53.0,62.5,45.0,86.5,56.5,42.0,0.0,74.5,52.5,54.5,56.0,0.0,34.5,77.5,74.5,40.0
South Dakota,2015,78.6,0.0,0.0,0.0,0.0,0.0,0.0,0.0,70.5,70.5,92.0,0.0,5.5,95.5,90.0,99.0,65.0,0.0,51.0,0.0,0.0,99.5,86.5,0.0,87.5,99.0,84.0,70.5,0.0,0.0,86.5,95.0,49.5
Tennessee,2015,69.6,55.5,91.0,45.0,0.0,0.0,0.0,51.5,62.0,62.0,82.0,25.5,13.5,77.0,75.0,66.0,63.5,46.5,58.5,40.0,81.0,57.0,52.5,0.0,87.0,67.0,49.0,79.5,0.0,58.5,85.5,87.0,42.0
Texas,2015,70.5,52.0,78.5,38.0,0.0,35.5,44.5,45.0,60.5,60.5,77.0,23.5,67.0,70.0,66.5,57.5,82.0,64.5,73.5,61.5,75.5,44.0,55.5,68.0,72.5,50.0,60.0,86.5,60.0,47.0,89.0,86.5,43.0
Utah,2015,79.7,94.5,92.5,92.5,0.0,0.0,0.0,75.5,69.5,69.5,87.5,0.0,20.5,88.5,76.0,74.0,87.0,74.5,75.0,43.0,96.0,91.5,67.0,0.0,91.0,82.0,70.0,76.5,0.0,83.5,85.5,84.5,56.5
Vermont,2015,77.8,0.0,0.0,0.0,0.0,0.0,0.0,0.0,53.5,53.5,88.0,0.0,9.0,96.5,98.0,86.5,78.5,0.0,77.0,0.0,0.0,95.0,64.0,0.0,79.0,89.5,55.5,56.5,0.0,0.0,92.5,85.5,100.0
Virginia,2015,74.9,40.5,55.0,39.5,0.0,0.0,35.5,35.0,45.0,45.0,54.0,29.0,60.0,68.0,59.0,45.5,50.0,46.0,64.5,44.0,82.5,41.0,37.5,61.0,59.0,40.5,33.5,42.5,0.0,52.5,62.5,57.5,42.0
Washington,2015,81,50.0,76.0,91.5,0.0,0.0,89.0,57.5,59.0,59.0,84.0,100.0,15.5,73.0,69.0,70.5,81.0,61.0,67.5,45.5,72.5,58.5,55.0,100.0,76.5,63.5,60.0,63.0,0.0,48.5,82.0,74.5,68.0
West Virginia,2015,69.2,0.0,84.5,51.5,0.0,0.0,0.0,0.0,69.5,69.5,88.0,0.0,6.0,88.5,86.5,75.0,58.0,0.0,52.0,45.5,0.0,71.5,69.0,0.0,76.5,65.5,67.5,82.5,0.0,0.0,85.0,89.5,40.0
Wisconsin,2015,78.4,54.5,80.5,65.0,0.0,0.0,68.0,61.5,50.0,50.0,85.5,55.5,13.0,76.0,77.5,89.5,70.0,41.5,50.0,32.5,73.0,77.5,52.0,0.0,80.5,83.5,57.0,61.5,0.0,59.5,80.0,74.0,53.0
Wyoming,2015,73.8,0.0,0.0,0.0,0.0,0.0,0.0,0.0,71.0,71.0,89.0,0.0,23.0,90.5,94.5,95.0,57.0,0.0,75.0,0.0,0.0,89.5,63.5,0.0,86.5,72.0,71.0,83.0,0.0,0.0,92.0,98.0,67.5
Alabama,2016,70.6,61.0,90.0,36.0,0.0,0.0,0.0,0.0,61.5,61.5,84.0,0.0,14.0,82.0,75.0,78.5,54.0,46.0,56.5,37.0,96.0,59.0,64.5,0.0,85.5,60.5,54.5,71.0,0.0,0.0,82.5,83.5,31.0
Alaska,2016,80.9,0.0,0.0,0.0,0.0,0.0,0.0,0.0,80.0,80.0,88.0,0.0,21.0,86.0,84.0,74.0,55.5,0.0,91.5,22.0,0.0,80.0,87.5,0.0,75.0,65.0,73.5,63.0,0.0,0.0,100.0,92.0,68.5
Arizona,2016,76.9,65.0,83.5,54.5,0.0,0.0,78.5,60.0,71.5,71.5,84.0,55.5,41.0,77.5,73.5,65.0,100.0,80.0,67.5,67.0,85.5,66.0,65.0,0.0,59.0,62.0,64.5,84.0,0.0,55.0,88.0,81.5,50.5
Arkansas,2016,67.5,64.0,79.5,39.5,0.0,0.0,0.0,0.0,56.5,56.5,81.5,0.0,64.0,74.5,69.0,66.0,59.0,0.0,56.0,34.0,0.0,50.5,64.5,0.0,72.5,55.5,59.0,68.5,0.0,0.0,78.5,75.5,30.5
California,2016,79.5,51.0,76.0,66.0,100.0,94.5,71.0,54.5,65.0,65.0,88.5,60.0,48.0,70.0,64.5,59.5,92.0,77.0,82.0,64.0,78.0,53.5,60.0,66.5,57.5,41.0,84.5,78.0,85.5,47.0,80.5,77.0,58.5
Colorado,2016,84.2,45.5,82.5,78.0,0.0,100.0,100.0,75.0,59.5,59.5,79.0,65.5,34.0,74.5,74.0,71.0,76.0,58.0,68.0,54.5,77.0,60.0,60.0,0.0,57.0,63.0,56.0,64.5,0.0,36.5,78.5,77.0,69.0
Connecticut,2016,78.7,57.5,82.5,57.5,0.0,0.0,52.0,53.5,60.5,60.5,87.0,0.0,34.0,83.0,81.5,76.5,84.0,72.0,81.5,56.5,88.0,60.5,70.0,0.0,56.5,60.5,58.5,64.5,0.0,65.5,84.5,75.0,59.0
Delaware,2016,73.4,0.0,0.0,0.0,0.0,0.0,0.0,0.0,73.0,73.0,94.5,0.0,25.0,97.5,98.5,90.0,75.0,0.0,85.5,71.5,0.0,69.0,74.0,0.0,62.0,77.0,70.0,70.5,0.0,0.0,96.5,87.5,50.0
District of Columbia,2016,83.8,31.0,85.0,60.0,0.0,0.0,59.0,52.5,63.5,63.5,98.0,35.0,39.0,70.5,69.0,66.0,83.0,78.5,92.5,93.0,66.0,41.0,69.5,0.0,62.0,45.0,48.5,75.5,0.0,78.5,77.0,80.0,56.0
Florida,2016,70.2,55.0,78.0,40.5,0.0,43.0,66.0,54.0,66.0,66.0,85.5,35.0,100.0,75.5,71.0,58.5,83.0,73.5,75.5,84.0,82.5,50.0,54.0,69.0,64.5,44.0,71.0,71.0,0.0,56.5,85.0,75.0,43.0
Georgia,2016,70.6,49.0,82.5,40.5,0.0,0.0,44.5,53.0,58.0,58.0,88.5,23.5,40.0,72.5,66.0,74.0,76.0,58.5,67.0,73.0,81.0,50.0,61.0,0.0,79.5,46.0,58.5,71.0,0.0,51.5,81.0,83.5,38.0
Idaho,2016,79.8,82.0,89.0,87.5,0.0,0.0,0.0,92.0,100.0,100.0,89.5,0.0,18.0,88.0,75.0,75.5,52.5,0.0,75.5,32.5,0.0,93.5,73.0,0.0,68.0,74.0,65.5,83.5,0.0,0.0,91.0,82.0,51.0
Illinois,2016,76.1,56.0,84.0,46.0,0.0,71.0,62.5,52.0,61.0,61.0,96.0,29.0,37.5,73.0,70.5,79.0,84.5,57.5,69.0,63.5,74.5,51.5,58.5,77.0,93.0,59.5,72.0,73.5,0.0,64.0,77.5,81.0,48.0
Indiana,2016,73.2,100.0,82.5,41.0,0.0,0.0,45.5,53.5,58.5,58.5,87.5,0.0,19.5,82.5,75.5,83.5,63.5,39.5,52.0,35.5,98.0,70.5,66.5,0.0,66.5,73.0,61.5,65.5,0.0,76.0,80.5,76.5,37.5
Iowa,2016,77.3,71.0,87.5,58.5,0.0,0.0,0.0,70.5,68.0,68.0,89.0,0.0,17.0,81.5,73.0,92.0,63.5,42.5,57.5,30.5,85.5,80.5,64.5,0.0,72.0,83.5,63.5,80.0,0.0,64.0,82.5,81.5,44.5
Kansas,2016,76.5,46.0,53.0,28.0,0.0,0.0,0.0,33.0,44.5,44.5,44.5,24.5,51.0,56.5,44.0,42.5,32.0,25.0,43.5,17.0,74.0,36.5,32.5,0.0,60.5,37.5,52.0,43.0,0.0,0.0,52.0,48.5,28.0
Kentucky,2016,70.2,67.0,89.5,39.0,0.0,0.0,0.0,0.0,62.5,62.5,90.5,0.0,14.0,80.5,75.5,98.0,56.5,40.5,56.0,36.0,94.0,69.0,64.0,0.0,69.5,72.0,62.0,76.0,0.0,48.0,85.0,83.0,38.5
Louisiana,2016,70.9,54.5,91.5,34.5,0.0,0.0,0.0,57.0,70.0,70.0,77.5,0.0,21.5,78.5,73.0,68.5,65.0,57.0,62.5,48.5,97.5,51.0,64.5,0.0,90.5,49.5,53.0,79.5,0.0,55.5,88.0,87.0,36.0
Maine,2016,79.4,0.0,79.5,77.0,0.0,0.0,0.0,0.0,49.0,49.0,88.5,0.0,0.0,86.5,85.0,87.5,62.5,0.0,73.0,41.5,0.0,87.0,74.5,0.0,65.5,76.0,63.0,55.5,0.0,0.0,85.0,73.5,61.5
Maryland,2016,76.9,63.5,76.5,57.5,0.0,0.0,50.0,46.0,58.5,58.5,81.0,43.5,25.5,85.5,82.0,78.5,72.5,68.5,83.5,74.5,86.0,65.0,64.0,0.0,65.5,71.0,60.5,54.5,0.0,79.5,87.0,74.0,50.5
Massachusetts,2016,80,42.0,84.0,69.5,0.0,0.0,66.0,52.0,55.5,55.5,93.5,30.5,27.0,78.5,79.0,82.0,83.0,73.0,88.5,75.5,76.5,57.0,53.5,66.0,61.0,60.0,80.5,64.0,0.0,58.5,80.5,77.5,67.5
Michigan,2016,76.1,55.5,81.5,54.5,0.0,0.0,65.5,61.5,58.5,58.5,92.5,43.5,20.5,74.5,70.0,79.0,79.0,53.5,59.0,58.0,77.5,61.5,62.0,0.0,93.0,61.5,69.0,68.5,0.0,74.0,79.5,75.5,47.0
Minnesota,2016,82,58.5,82.5,72.5,0.0,0.0,82.0,63.0,55.0,55.0,84.0,38.5,25.0,75.0,71.0,88.5,89.0,47.0,52.5,36.5,76.0,70.0,60.5,0.0,71.0,79.5,66.0,54.5,0.0,67.0,76.0,71.5,53.5
Mississippi,2016,69.7,69.5,86.0,0.0,0.0,0.0,0.0,0.0,60.5,60.5,81.0,0.0,12.5,87.5,77.0,73.5,50.0,0.0,53.5,37.5,0.0,54.5,50.0,0.0,95.5,49.0,47.0,73.5,0.0,26.0,84.5,85.0,26.5
Missouri,2016,75.1,66.5,84.5,49.0,0.0,0.0,0.0,50.0,57.5,57.5,89.5,20.0,15.5,76.0,72.0,80.0,64.5,56.5,65.0,52.0,92.0,54.5,58.5,0.0,79.5,71.0,64.5,69.0,0.0,63.0,79.5,78.5,41.0
Montana,2016,80.1,0.0,0.0,99.0,0.0,0.0,0.0,100.0,62.0,62.0,89.0,0.0,6.0,83.5,83.0,86.0,65.5,0.0,65.5,0.0,0.0,99.5,75.0,0.0,69.0,72.5,56.0,73.5,0.0,0.0,88.5,85.5,65.0
Nebraska,2016,77.6,61.5,100.0,53.0,0.0,0.0,0.0,0.0,71.0,71.0,93.5,51.0,24.5,79.5,76.5,93.0,72.5,53.0,60.0,30.0,84.0,80.0,85.0,0.0,79.5,88.5,63.0,96.0,0.0,0.0,89.0,88.5,42.0
Nevada,2016,75.3,54.5,81.0,47.0,0.0,0.0,0.0,0.0,77.5,77.5,80.5,0.0,52.0,70.5,66.0,53.0,80.0,73.0,81.5,53.0,81.0,58.0,62.0,0.0,62.0,44.0,69.0,88.5,0.0,61.0,93.0,80.0,45.0
New Hampshire,2016,80.7,0.0,0.0,76.0,0.0,0.0,0.0,0.0,57.0,57.0,91.5,0.0,11.0,87.0,89.0,97.5,71.0,55.5,76.5,53.0,0.0,89.0,63.5,0.0,66.0,77.0,62.5,55.0,0.0,0.0,89.5,83.0,66.5
New Jersey,2016,70.3,47.0,83.5,52.5,0.0,54.5,47.0,45.5,68.0,68.0,87.0,42.5,53.5,80.0,78.0,71.5,92.0,100.0,97.0,100.0,84.5,59.0,57.5,71.5,57.0,47.5,67.5,70.5,0.0,75.5,86.5,79.0,54.0
New Mexico,2016,79.7,70.5,0.0,49.0,0.0,0.0,0.0,0.0,76.5,76.5,78.5,0.0,52.5,86.0,85.0,60.0,77.5,0.0,82.0,44.0,0.0,79.5,74.5,0.0,58.0,60.0,62.0,90.5,0.0,0.0,86.5,86.0,56.0
New York,2016,73.7,45.0,78.5,53.5,0.0,67.5,50.5,44.0,61.5,61.5,91.5,46.0,52.0,72.0,70.0,60.5,83.0,85.5,91.5,69.0,77.5,55.0,55.5,68.0,60.5,43.0,65.0,62.0,100.0,63.5,80.0,76.0,61.0
North Carolina,2016,76.7,57.0,81.0,47.0,0.0,0.0,0.0,53.5,57.5,57.5,81.0,31.0,29.0,80.5,70.5,72.0,68.5,55.5,70.5,54.5,90.0,60.5,60.5,0.0,67.5,72.5,56.0,63.0,0.0,49.5,78.0,77.0,44.0
North Dakota,2016,77.8,0.0,0.0,0.0,0.0,0.0,0.0,0.0,94.5,94.5,100.0,0.0,0.0,95.0,84.0,97.5,72.0,0.0,57.0,0.0,0.0,80.5,72.5,0.0,76.0,93.0,66.0,85.5,0.0,0.0,91.5,93.5,45.0
Ohio,2016,74.1,61.5,82.5,48.5,0.0,0.0,52.0,53.5,61.5,61.5,92.5,35.0,13.5,77.0,75.5,87.5,71.5,45.5,54.5,45.5,81.5,70.0,59.0,0.0,74.5,68.0,65.0,72.5,0.0,81.0,83.0,78.5,45.0
Oklahoma,2016,71.5,46.5,96.0,31.0,0.0,0.0,0.0,0.0,69.5,69.5,88.0,0.0,18.5,77.5,70.0,75.0,54.0,70.5,88.5,49.5,92.5,52.0,66.5,0.0,72.0,55.0,68.0,90.5,0.0,36.0,88.5,88.0,36.0
Oregon,2016,82.8,39.5,42.5,50.5,0.0,84.0,54.5,36.5,40.0,40.0,40.0,93.5,94.5,57.0,44.0,32.5,37.0,36.0,49.0,22.5,69.5,39.0,26.5,0.0,51.5,28.0,62.0,26.0,0.0,24.0,51.5,40.0,39.0
Pennsylvania,2016,77.1,53.5,78.5,54.5,0.0,0.0,54.0,53.5,64.5,64.5,91.0,30.0,19.5,80.0,82.5,79.0,80.5,68.0,72.0,65.0,86.0,68.5,58.5,85.5,65.0,63.5,62.5,63.0,0.0,93.5,83.0,75.5,50.5
Rhode Island,2016,75.7,63.5,91.5,0.0,0.0,0.0,0.0,0.0,68.0,68.0,94.0,0.0,29.5,90.0,88.5,74.5,96.5,91.0,87.5,65.0,0.0,74.0,63.5,0.0,66.5,69.5,65.0,61.0,0.0,0.0,90.0,80.5,69.0
South Carolina,2016,73.1,51.0,81.0,42.5,0.0,0.0,51.5,55.0,57.0,57.0,76.0,0.0,19.5,78.0,73.5,71.5,63.5,57.0,62.5,56.5,95.5,60.5,47.5,0.0,68.0,61.0,55.5,59.5,0.0,49.0,78.5,77.0,38.0
South Dakota,2016,81.1,0.0,0.0,0.0,0.0,0.0,0.0,0.0,64.0,64.0,93.5,0.0,13.5,100.0,88.5,97.0,63.5,0.0,55.5,0.0,0.0,94.5,88.5,0.0,74.5,94.5,58.5,87.0,0.0,0.0,83.5,92.5,45.5
Tennessee,2016,71.6,45.0,89.5,42.0,0.0,0.0,0.0,51.5,62.5,62.5,85.5,25.0,21.0,76.0,70.5,75.5,58.0,46.0,59.0,44.0,86.5,58.5,58.0,0.0,75.5,71.5,55.0,69.5,0.0,56.5,81.5,82.0,36.5
Texas,2016,74.8,48.5,78.0,34.0,0.0,38.5,43.5,44.0,60.0,60.0,80.0,22.0,95.5,66.0,59.0,60.5,74.5,61.5,75.5,60.5,75.0,40.5,60.0,59.0,66.5,42.5,66.5,79.5,57.5,46.0,76.0,80.5,37.0
Utah,2016,84.3,87.5,92.0,98.5,0.0,0.0,0.0,77.0,68.5,68.5,90.5,0.0,33.0,87.0,71.5,73.5,83.5,62.0,77.5,45.0,91.5,89.5,78.5,0.0,75.0,87.0,78.5,82.0,0.0,64.5,90.5,82.5,51.5
Vermont,2016,80.5,0.0,0.0,0.0,0.0,0.0,0.0,0.0,59.5,59.5,90.0,0.0,8.0,98.5,97.5,93.0,74.5,0.0,78.0,0.0,0.0,100.0,49.5,0.0,76.0,99.0,54.0,51.5,0.0,0.0,83.0,75.5,100.0
Virginia,2016,76.7,65.0,89.0,54.5,0.0,0.0,53.0,46.5,66.5,66.5,89.5,40.5,22.5,87.5,84.5,82.5,73.5,69.5,89.0,74.0,96.5,66.0,70.5,100.0,69.0,65.0,63.0,66.5,0.0,77.0,87.5,83.5,49.0
Washington,2016,82.4,51.0,78.0,85.5,0.0,0.0,88.0,58.5,61.5,61.5,86.5,94.5,24.5,74.0,67.5,72.0,79.0,60.0,71.0,51.0,78.0,61.5,52.5,92.5,71.5,60.5,72.0,57.0,0.0,48.0,83.0,71.5,64.5
West Virginia,2016,71.5,0.0,94.0,54.5,0.0,0.0,0.0,0.0,67.5,67.5,91.0,0.0,8.5,88.0,83.0,84.5,51.5,0.0,50.5,27.0,0.0,75.5,78.5,0.0,67.0,84.0,67.0,82.0,0.0,0.0,85.0,79.5,37.5
Wisconsin,2016,80,57.0,80.5,63.0,0.0,0.0,77.0,58.0,55.5,55.5,86.5,41.0,19.0,76.5,72.0,94.0,67.5,40.0,52.5,36.5,81.5,78.5,69.0,0.0,76.5,79.0,63.5,62.5,0.0,71.0,80.0,72.5,48.0
Wyoming,2016,76.9,0.0,0.0,0.0,0.0,0.0,0.0,0.0,79.0,79.0,93.5,0.0,15.0,91.0,93.5,93.0,54.0,0.0,80.0,0.0,0.0,87.5,93.5,0.0,76.5,66.5,69.0,96.0,0.0,0.0,95.5,100.0,60.0
