states,year,y,Slim,abdominal,apnea,calories,cholesterol,diabetic,diet,dietary,dresses plus size,exercise,food delivery near me,gastric,healthy,how to lose weight,inactivity,insulin,malnutrition,mcdonalds menu,mcdonalds near me,meals,nutrition,obese,pizza delivery,symptoms of  high blood sugar,symptoms of congestive heart failure,unhealthy,visceral,weighing,weight loss,wellness
Alabama,2011,32,69.5,82.5,84.5,75.5,81.33333333499999,85.5,78.0,64.5,84.0,77.5,46.5,70.0,58.5,80.0,67.5,73.0,59.5,75.5,36.0,73.5,60.5,78.0,38.0,82.5,0.0,66.5,59.5,58.0,93.0,33.5
Alaska,2011,27.4,64.5,87.5,67.0,85.0,72.16666666500001,57.0,89.5,76.5,56.0,77.0,39.5,61.0,75.5,61.5,0.0,55.5,42.0,56.0,0.0,73.0,50.5,85.0,100.0,0.0,0.0,89.0,61.0,59.5,87.5,30.5
Arizona,2011,25.1,60.0,71.0,56.5,76.5,74.33333333499999,60.5,70.5,58.5,34.5,66.5,31.5,47.5,68.5,56.0,45.5,62.5,50.0,77.5,22.0,60.5,62.0,65.5,83.5,47.5,0.0,65.0,58.5,47.5,71.0,28.5
Arkansas,2011,30.9,81.0,86.0,77.0,82.5,82.5,89.5,88.5,73.0,75.5,80.5,16.5,61.0,69.0,77.5,51.0,66.5,56.0,98.0,0.0,77.5,61.5,82.5,40.5,100.0,0.0,70.0,49.0,60.5,88.0,25.5
California,2011,23.8,61.0,56.0,55.0,82.0,64.16666666500001,42.5,59.0,49.0,30.5,61.5,22.5,42.5,68.0,54.0,47.5,46.0,44.0,61.5,41.5,46.0,53.5,56.5,67.0,23.5,32.5,71.5,59.0,47.0,55.0,29.0
Colorado,2011,20.7,57.0,65.0,67.0,76.0,64.66666666500001,42.5,66.0,52.5,27.5,66.0,24.5,39.0,65.0,46.5,50.0,50.0,50.5,55.5,23.0,64.0,65.5,61.5,91.0,19.5,0.0,66.0,55.5,41.5,63.0,37.5
Connecticut,2011,24.5,58.5,68.5,64.0,75.0,81.33333333499999,48.0,61.0,63.0,47.0,71.0,30.5,54.0,63.0,56.0,51.5,61.0,44.5,64.0,20.5,53.5,56.0,62.5,76.5,16.0,0.0,78.0,66.5,56.5,65.0,31.0
Delaware,2011,28.8,69.5,76.5,75.0,81.0,89.66666666500001,59.5,66.5,97.0,66.5,85.5,88.5,59.0,73.0,74.0,0.0,65.0,39.0,77.0,0.0,67.0,67.5,90.5,65.0,0.0,0.0,85.5,66.5,63.0,72.5,29.0
District of Columbia,2011,23.8,57.0,66.5,65.5,100.0,71.5,40.0,54.5,64.0,35.0,62.5,34.0,43.5,58.5,39.0,53.0,44.0,69.5,59.5,91.5,51.5,73.5,57.0,90.5,23.0,0.0,58.5,62.0,41.0,64.0,32.5
Florida,2011,26.6,65.5,73.5,65.5,77.0,76.5,55.0,71.0,59.5,40.5,66.5,40.0,51.0,64.5,55.5,58.0,56.5,49.5,88.0,48.5,57.5,56.5,59.5,77.5,42.0,51.0,64.0,56.0,47.0,73.5,29.5
Georgia,2011,28,76.0,70.0,60.0,81.0,70.83333333499999,56.5,67.0,52.0,53.0,65.5,38.0,48.0,59.5,60.5,39.5,53.0,50.5,72.0,39.0,62.5,60.0,64.5,64.0,48.0,61.5,65.0,53.5,46.0,82.0,28.0
Idaho,2011,27.1,59.0,68.5,75.5,88.5,73.66666666500001,64.0,80.0,79.0,39.0,85.5,0.0,49.5,77.5,62.5,98.0,79.5,73.5,55.5,24.5,88.0,68.5,86.0,47.0,0.0,0.0,66.0,65.0,67.0,77.5,35.0
Illinois,2011,27.1,59.5,72.0,62.0,89.5,70.33333333499999,50.0,61.0,55.0,48.5,63.5,23.5,42.5,59.5,57.5,47.5,53.5,48.5,86.0,48.5,54.0,76.5,66.5,63.0,44.5,55.0,67.5,77.5,47.5,64.5,30.0
Indiana,2011,30.8,59.0,74.5,68.0,78.5,80.33333333499999,67.0,65.5,71.5,59.0,75.0,21.0,52.5,69.0,64.5,67.0,78.0,63.5,81.0,22.5,71.5,72.0,88.0,57.5,67.5,77.0,83.5,61.5,57.0,70.5,27.5
Iowa,2011,29,57.0,77.5,68.0,85.0,77.0,65.5,68.5,79.0,57.5,76.0,29.5,52.5,81.5,63.5,58.5,66.0,65.5,66.5,26.0,83.0,76.0,78.0,66.0,58.5,0.0,80.0,52.5,56.5,71.0,37.0
Kansas,2011,29.6,73.5,75.5,62.5,83.0,79.0,61.0,72.5,71.5,55.5,75.5,26.0,49.5,70.5,68.0,50.0,64.5,58.0,87.0,33.0,82.5,79.0,68.5,62.0,40.5,0.0,73.0,65.0,57.0,75.5,26.5
Kentucky,2011,30.4,65.5,84.0,70.5,81.0,77.16666666500001,77.0,72.0,73.0,72.5,75.5,35.0,62.5,65.0,81.0,41.5,78.0,44.0,91.0,25.5,69.5,72.5,91.0,52.5,83.0,50.0,75.5,57.5,52.0,87.5,27.5
Louisiana,2011,33.4,100.0,80.5,69.0,76.0,79.5,71.0,78.5,59.0,94.5,73.0,22.5,74.5,61.5,68.5,49.0,73.0,53.5,98.5,18.0,65.0,59.5,71.5,45.5,54.0,0.0,66.0,61.5,52.5,87.0,24.0
Maine,2011,27.8,55.0,83.5,80.5,79.0,87.16666666500001,65.5,75.5,78.0,51.5,77.0,74.0,57.5,74.0,52.0,74.0,77.5,55.5,59.0,46.5,82.0,61.5,79.5,46.5,0.0,0.0,73.0,72.5,42.5,64.5,36.5
Maryland,2011,28.3,67.0,71.0,70.5,74.5,77.83333333499999,54.0,61.0,73.5,59.0,77.0,35.0,56.0,64.5,58.5,89.5,64.0,62.5,63.0,38.0,58.0,61.5,70.0,72.0,38.5,0.0,73.5,70.0,58.5,69.5,32.5
Massachusetts,2011,22.7,53.0,67.5,60.0,83.5,72.5,42.5,57.0,55.5,36.0,66.5,18.0,58.5,61.0,47.0,64.0,60.0,48.0,53.0,24.5,50.5,62.5,62.5,66.5,30.5,0.0,70.0,66.0,50.0,58.5,28.0
Michigan,2011,31.3,59.0,75.0,65.5,79.0,70.83333333499999,58.0,63.0,61.0,48.0,69.0,21.5,54.0,63.5,58.0,63.0,63.0,62.5,86.5,35.5,60.5,64.0,68.5,55.0,44.5,69.0,69.0,61.5,48.5,69.0,23.5
Minnesota,2011,25.7,55.5,68.5,65.0,86.5,69.0,49.0,59.5,64.0,35.0,66.0,35.5,56.5,65.5,50.0,63.0,62.5,51.5,71.0,39.0,67.0,76.0,64.5,78.5,40.5,0.0,61.5,57.0,43.5,64.0,38.5
Mississippi,2011,34.9,95.5,85.5,81.0,77.0,93.16666666500001,85.5,82.0,93.0,100.0,79.0,38.0,68.5,64.0,93.0,57.5,68.5,54.5,85.5,18.5,70.0,53.5,81.5,35.5,82.0,0.0,80.5,62.0,63.5,100.0,28.5
Missouri,2011,30.3,64.0,75.0,70.5,82.5,74.83333333499999,63.5,71.0,65.5,59.0,69.0,41.0,54.0,65.5,59.0,58.0,64.5,60.0,76.0,37.5,71.5,74.5,70.5,57.5,46.0,55.0,65.5,57.5,54.5,73.0,25.0
Montana,2011,24.6,55.5,86.0,68.5,80.5,83.33333333499999,65.5,89.5,90.0,45.5,86.5,17.5,53.0,89.5,62.0,0.0,75.0,57.5,38.5,0.0,80.0,62.0,63.0,61.0,0.0,0.0,59.5,79.5,68.0,76.0,38.0
Nebraska,2011,28.4,59.5,77.5,72.0,91.0,77.0,61.0,71.5,81.0,53.5,76.0,57.5,52.0,74.5,59.5,84.0,70.0,51.0,82.0,31.0,72.5,100.0,62.5,62.0,0.0,0.0,63.5,69.0,49.5,79.0,32.5
Nevada,2011,24.5,67.5,61.0,63.0,75.5,75.0,55.0,73.0,53.5,39.0,66.0,16.5,51.5,62.5,65.0,53.0,52.0,47.5,92.0,34.5,55.0,59.0,58.5,88.0,0.0,0.0,74.5,64.5,47.0,71.5,26.0
New Hampshire,2011,26.5,53.5,71.5,77.0,76.0,83.33333333499999,54.5,68.5,63.5,36.5,78.0,35.0,56.5,82.5,57.5,45.5,58.5,62.5,57.5,39.0,72.5,59.5,82.5,59.0,0.0,0.0,83.0,63.0,43.0,65.5,35.5
New Jersey,2011,23.7,64.0,66.0,55.0,73.5,75.83333333499999,48.5,61.5,55.0,47.5,70.5,36.0,50.0,59.5,64.5,60.5,55.0,42.5,56.5,14.0,47.5,53.0,61.5,45.0,27.0,27.0,78.5,58.0,64.5,63.5,31.5
New Mexico,2011,26.3,67.0,77.5,83.5,71.0,85.83333333499999,79.0,73.0,85.0,44.0,78.0,29.0,57.0,67.0,62.5,56.0,72.0,63.0,74.0,0.0,62.5,58.0,62.0,49.0,0.0,0.0,70.5,69.0,49.5,72.0,75.0
New York,2011,24.5,61.0,65.0,54.5,93.5,65.0,41.0,57.0,48.0,39.5,61.0,27.5,46.0,61.0,51.0,45.0,48.5,39.0,52.0,37.0,44.5,50.0,59.5,50.0,27.5,33.5,73.5,59.0,45.5,58.0,24.0
North Carolina,2011,29.1,66.5,75.0,68.0,75.5,76.0,61.0,67.0,57.5,51.5,72.5,24.0,66.5,63.5,62.5,64.0,61.0,54.0,82.0,25.5,65.5,67.0,63.5,63.0,50.0,73.0,66.0,55.5,55.5,78.5,34.5
North Dakota,2011,27.8,65.5,99.0,85.5,92.0,92.33333333499999,70.5,82.5,94.5,76.5,96.5,0.0,100.0,89.0,80.5,0.0,100.0,100.0,62.0,0.0,100.0,85.0,97.5,71.0,0.0,0.0,81.5,100.0,85.0,89.5,76.5
Ohio,2011,29.7,59.0,76.0,67.5,82.0,74.0,60.5,66.0,69.0,53.5,69.5,54.0,51.5,69.5,61.5,46.0,65.0,55.0,90.0,30.0,64.5,74.0,76.5,53.0,46.5,79.0,70.5,63.0,52.0,72.0,32.0
Oklahoma,2011,31.1,72.5,80.0,77.0,80.5,76.33333333499999,78.0,78.5,70.5,59.0,71.5,26.5,65.0,65.0,69.0,66.5,65.0,62.5,79.0,10.5,74.5,74.0,77.0,53.5,61.0,0.0,63.0,58.0,47.5,80.0,26.0
Oregon,2011,26.7,57.0,66.0,63.0,79.5,75.5,58.0,70.0,66.0,34.5,70.0,24.5,41.5,71.5,45.0,59.5,59.5,51.5,50.5,20.0,62.5,60.0,67.5,83.0,26.0,0.0,64.5,74.5,48.5,63.0,44.5
Pennsylvania,2011,28.6,58.0,76.5,65.5,82.0,76.5,55.0,63.0,69.0,49.5,72.5,31.5,59.0,64.0,60.5,57.0,65.5,61.0,68.0,20.0,60.0,61.5,71.0,58.0,42.0,54.0,76.0,65.5,54.0,68.0,30.5
Rhode Island,2011,25.4,63.0,81.0,61.0,83.5,85.0,49.5,67.0,79.0,51.0,74.0,59.0,58.0,70.5,64.0,87.0,67.5,69.0,61.0,75.0,57.0,67.5,83.0,75.0,0.0,0.0,77.5,70.0,47.5,77.0,30.5
South Carolina,2011,30.8,67.5,79.5,67.0,73.0,75.33333333499999,68.0,71.5,61.0,67.0,75.5,56.5,55.5,71.0,75.0,45.5,61.0,52.5,79.5,12.0,74.0,57.0,74.0,64.5,52.0,0.0,64.5,52.5,51.5,82.5,32.5
South Dakota,2011,28.1,67.0,99.0,100.0,92.0,100.0,83.0,90.0,95.0,61.5,97.0,72.0,72.0,89.0,71.0,0.0,87.0,86.5,71.0,0.0,90.5,91.5,100.0,52.5,0.0,0.0,80.0,46.0,82.5,98.0,100.0
Tennessee,2011,29.2,64.0,81.5,78.5,77.0,86.5,82.5,76.0,61.0,63.0,75.0,40.0,67.5,63.5,70.5,57.0,80.0,61.0,73.0,5.5,71.0,64.5,72.0,59.0,72.0,88.0,64.5,66.5,49.0,86.5,29.5
Texas,2011,30.4,74.0,68.0,58.5,81.5,67.83333333499999,55.5,67.0,49.0,40.5,59.0,33.5,55.5,60.0,62.0,43.0,51.0,41.5,68.0,35.0,60.5,60.5,59.0,64.0,40.0,43.0,60.5,50.0,48.5,72.5,24.0
Utah,2011,24.4,62.5,64.0,71.0,85.5,71.66666666500001,54.0,70.5,75.5,38.5,86.5,4.5,48.0,74.0,61.5,65.5,69.0,66.5,55.5,20.5,84.5,71.0,68.0,52.5,18.5,0.0,68.5,59.5,53.0,68.5,25.0
Vermont,2011,25.4,52.5,79.5,69.5,85.0,81.33333333499999,52.5,71.0,66.5,52.0,85.0,45.0,40.0,100.0,44.0,0.0,70.0,63.5,48.5,0.0,75.0,59.0,88.0,64.0,0.0,0.0,95.0,57.5,64.5,65.5,48.5
Virginia,2011,29.2,64.5,70.0,70.5,76.5,77.0,54.0,63.0,55.0,48.0,74.0,27.0,48.5,62.5,60.5,72.0,52.5,57.0,64.5,13.0,63.0,62.0,65.0,70.5,44.5,58.0,70.0,56.5,52.0,69.5,28.5
Washington,2011,26.5,59.0,63.5,65.0,83.5,67.83333333499999,49.0,69.0,55.0,34.0,65.5,27.5,42.5,61.5,47.0,49.0,54.0,54.0,55.5,36.0,57.0,56.0,65.5,85.5,30.5,0.0,69.5,62.5,44.5,62.5,33.0
West Virginia,2011,32.4,65.5,94.0,78.5,79.0,84.5,100.0,80.5,96.0,90.0,89.0,22.0,69.0,69.0,100.0,43.0,87.5,66.5,89.0,0.0,69.5,65.5,89.5,39.0,0.0,0.0,83.0,69.0,91.0,93.0,34.0
Wisconsin,2011,27.7,54.5,76.5,70.0,79.0,75.83333333499999,55.5,61.0,75.5,53.0,74.0,32.0,47.5,70.5,55.0,61.5,62.5,50.0,85.5,13.0,66.5,69.5,71.5,64.0,27.0,0.0,73.5,62.5,63.0,61.0,38.5
Wyoming,2011,25,67.0,84.0,91.5,93.0,83.0,76.0,100.0,77.0,0.0,94.5,0.0,71.0,87.5,72.0,0.0,81.0,70.0,58.5,0.0,90.0,72.0,74.0,58.5,0.0,0.0,70.5,41.0,92.0,89.0,56.5
Alabama,2012,33,61.0,81.5,76.5,70.0,86.83333333499999,83.5,85.5,62.0,73.5,84.0,19.0,75.0,59.0,82.0,52.5,67.5,50.0,77.0,15.0,70.0,55.5,67.5,42.5,98.0,0.0,59.0,55.5,61.5,94.5,28.5
Alaska,2012,25.7,54.5,71.5,73.0,82.0,64.66666666500001,56.5,89.5,57.0,49.0,86.5,37.5,58.5,70.0,66.5,0.0,57.0,52.0,55.5,11.5,59.0,50.5,72.0,98.0,0.0,0.0,82.5,61.5,46.0,80.5,24.0
Arizona,2012,26,53.0,67.5,67.5,75.0,81.66666666500001,64.0,79.0,57.0,34.5,75.5,37.5,51.0,66.5,60.0,32.0,63.0,55.0,79.0,36.5,58.5,61.5,64.0,83.5,52.5,0.0,64.0,62.0,42.5,72.0,26.0
Arkansas,2012,34.5,73.5,82.5,81.0,80.5,92.33333333499999,89.0,93.0,74.0,67.5,87.5,13.0,71.0,70.5,82.5,62.0,73.5,56.0,90.5,21.5,78.0,64.0,79.5,45.0,96.0,0.0,68.5,62.0,65.5,94.0,23.5
California,2012,25,56.0,57.0,60.0,79.5,71.66666666500001,46.5,69.5,48.0,31.0,71.0,54.5,43.5,70.0,64.5,37.0,48.5,45.5,63.0,41.0,46.5,53.0,55.0,67.0,39.0,38.0,70.5,61.5,49.5,60.0,25.5
Colorado,2012,20.5,50.5,66.5,67.5,78.0,70.83333333499999,45.5,71.5,52.0,24.5,73.0,40.0,43.0,64.0,54.0,34.5,50.5,52.0,59.5,40.0,62.0,66.5,60.0,93.0,31.5,0.0,65.0,61.0,47.5,66.5,34.5
Connecticut,2012,25.6,55.0,67.5,63.0,71.0,86.16666666500001,49.5,68.5,55.5,39.0,76.0,32.0,59.5,59.5,64.5,38.0,59.0,60.0,57.5,23.0,48.5,49.5,61.0,72.5,21.5,0.0,68.0,56.0,63.0,64.5,26.5
Delaware,2012,26.9,60.0,79.0,87.0,81.5,94.16666666500001,69.5,75.5,78.0,52.0,94.5,76.5,68.0,67.5,76.0,0.0,72.0,41.0,74.5,68.5,69.0,67.5,62.0,56.0,0.0,0.0,81.5,68.0,100.0,79.5,27.5
District of Columbia,2012,21.9,49.5,70.0,70.5,100.0,74.33333333499999,43.0,64.5,53.0,36.5,70.0,96.5,50.5,58.0,53.0,25.5,45.5,57.0,67.5,100.0,48.5,68.0,55.0,96.0,40.0,0.0,58.5,59.0,40.5,72.0,28.0
Florida,2012,25.2,58.0,71.5,67.5,73.5,79.0,57.5,78.0,55.5,35.0,75.5,52.0,52.5,64.5,61.5,31.5,57.0,49.5,84.5,46.0,57.0,55.0,58.0,81.0,53.5,59.0,59.0,57.5,48.5,74.5,27.5
Georgia,2012,29.1,58.5,70.5,65.5,75.0,75.5,55.0,73.0,46.0,48.5,70.5,97.5,50.0,56.0,66.0,33.0,51.5,45.5,80.0,40.5,62.0,54.0,57.0,62.0,72.0,75.5,59.0,56.5,49.5,81.5,24.5
Idaho,2012,26.8,55.5,72.5,82.5,80.0,80.33333333499999,59.5,84.0,83.5,35.5,93.0,21.0,53.0,76.0,64.5,40.5,78.0,78.5,53.5,58.5,82.0,65.5,77.5,45.0,0.0,0.0,89.0,63.5,70.5,76.5,30.0
Illinois,2012,28.1,52.0,71.0,63.0,88.0,72.5,52.0,68.5,51.5,43.5,70.0,56.0,44.5,60.0,64.5,35.5,51.0,45.5,89.0,72.5,51.0,71.5,61.5,63.0,43.0,51.0,65.0,72.0,47.5,69.0,26.5
Indiana,2012,31.4,54.0,77.0,69.0,76.0,84.33333333499999,70.0,74.0,69.0,56.0,84.5,23.5,53.0,67.5,70.5,42.0,79.5,59.0,85.0,23.5,70.0,70.0,74.0,55.5,72.0,75.0,73.5,68.5,64.5,71.5,25.0
Iowa,2012,30.4,51.0,77.0,83.0,80.5,84.5,68.5,74.0,90.0,53.5,87.0,20.0,55.5,83.0,66.0,38.5,75.0,98.0,72.0,9.0,81.0,76.5,72.5,68.5,33.5,0.0,66.0,78.0,61.0,73.0,32.0
Kansas,2012,29.9,61.0,75.0,70.0,79.5,82.16666666500001,68.0,76.0,68.5,42.5,83.5,21.0,52.0,69.5,70.0,43.5,64.0,53.0,79.0,17.0,80.5,72.0,69.0,59.0,88.5,0.0,66.0,80.0,56.5,78.5,25.0
Kentucky,2012,31.3,60.0,85.5,81.5,80.5,85.16666666500001,78.5,82.5,62.0,65.5,81.5,24.0,64.0,63.0,88.0,44.0,76.0,47.5,92.5,15.0,68.0,69.0,77.0,49.5,90.5,0.0,69.0,64.0,56.0,91.5,26.0
Louisiana,2012,34.7,95.5,80.0,71.5,80.5,78.16666666500001,67.0,85.5,55.5,72.0,77.0,28.5,73.5,60.5,73.0,32.0,66.5,40.5,92.0,40.5,60.0,60.0,65.0,53.5,66.5,0.0,64.0,55.0,56.5,88.0,21.5
Maine,2012,28.4,50.5,87.0,70.5,74.5,94.66666666500001,68.5,81.5,62.0,40.5,87.5,10.0,70.0,76.0,62.0,46.0,67.5,40.5,48.0,25.5,77.5,55.5,67.0,47.5,0.0,0.0,76.0,79.0,53.0,67.0,36.0
Maryland,2012,27.6,56.0,69.0,76.0,72.0,85.16666666500001,55.0,67.5,69.5,55.0,85.0,65.5,56.5,62.0,64.0,61.5,61.0,55.5,65.5,27.5,56.5,59.0,64.0,72.5,51.0,0.0,73.5,69.0,53.0,75.0,30.0
Massachusetts,2012,22.9,50.0,70.5,65.0,88.5,78.5,44.5,68.5,49.5,32.5,75.0,26.5,61.0,62.5,55.0,36.5,58.5,46.0,57.0,65.5,50.5,64.0,58.5,72.0,31.5,0.0,68.5,64.5,52.0,63.5,25.0
Michigan,2012,31.1,52.0,69.0,67.0,73.5,70.66666666500001,59.5,68.0,58.0,44.0,71.5,40.5,51.5,59.5,65.0,37.5,59.5,54.5,83.0,47.5,56.0,58.0,61.0,56.0,48.5,60.5,70.0,58.0,48.0,69.0,21.5
Minnesota,2012,25.7,49.5,68.5,67.5,83.5,78.66666666500001,51.5,67.5,61.0,35.0,73.0,42.0,55.5,65.0,57.5,41.0,61.0,46.0,71.5,37.0,66.0,74.5,61.5,80.5,53.5,0.0,63.0,61.0,51.5,66.0,34.0
Mississippi,2012,34.6,100.0,84.0,78.0,74.5,88.33333333499999,91.0,89.5,71.5,100.0,92.0,12.0,74.0,61.0,97.0,39.5,72.5,45.5,82.5,31.5,69.0,52.5,84.5,33.5,91.0,0.0,66.0,61.5,67.5,98.5,21.5
Missouri,2012,29.6,57.5,76.0,71.0,84.0,79.16666666500001,65.0,76.5,62.5,44.0,74.0,70.0,59.5,63.0,64.0,44.0,65.0,50.5,84.0,55.5,68.5,71.0,69.5,64.5,82.0,90.0,67.0,60.0,59.0,75.5,22.0
Montana,2012,24.3,50.0,68.5,83.0,79.0,88.0,64.5,91.0,90.5,41.5,91.5,14.0,57.0,86.5,67.5,0.0,74.0,60.0,45.5,25.5,74.5,58.5,66.0,63.0,0.0,0.0,65.0,58.5,55.5,76.5,33.0
Nebraska,2012,28.6,53.5,76.0,78.5,93.5,80.66666666500001,66.0,79.5,66.0,49.0,86.5,20.0,59.0,72.5,68.0,31.5,66.5,57.0,87.0,23.5,75.5,100.0,67.5,64.5,0.0,0.0,63.0,64.5,53.0,79.5,30.5
Nevada,2012,26.2,60.5,64.0,74.0,70.5,77.33333333499999,55.0,77.0,48.5,38.0,72.0,32.0,54.5,62.0,71.5,37.0,55.5,36.0,95.0,19.5,56.0,56.0,58.5,86.5,0.0,0.0,64.0,61.5,56.0,71.0,25.0
New Hampshire,2012,27.3,48.5,70.0,75.0,75.0,86.16666666500001,61.5,80.0,76.5,43.5,84.5,10.5,64.0,80.0,61.0,45.0,71.5,71.5,57.0,28.5,74.0,59.5,77.5,56.0,0.0,0.0,79.5,81.0,54.5,68.5,32.5
New Jersey,2012,24.6,58.0,65.5,62.5,72.5,85.0,51.5,71.5,55.0,45.0,79.0,45.5,55.5,61.0,72.0,37.5,56.5,45.5,57.0,27.5,46.0,51.5,59.5,42.5,37.5,0.0,76.0,64.0,62.0,69.0,27.5
New Mexico,2012,27.1,58.5,74.5,76.5,68.5,87.5,76.5,81.0,72.5,41.0,88.5,13.5,59.5,65.0,69.5,38.0,72.0,50.0,73.0,0.0,61.0,54.0,66.0,60.0,0.0,0.0,74.5,67.0,75.5,75.0,59.0
New York,2012,23.6,56.5,63.5,59.0,84.0,72.33333333499999,44.5,65.5,46.0,39.5,67.5,39.0,51.0,60.5,60.5,30.5,49.5,39.0,52.5,41.0,42.5,48.5,54.5,44.0,34.5,38.0,69.0,60.5,53.5,62.0,22.0
North Carolina,2012,29.6,55.5,71.5,70.0,75.5,80.83333333499999,60.5,75.0,57.0,48.0,81.5,42.5,65.0,63.0,69.0,38.0,61.5,48.5,86.0,29.5,65.5,62.0,63.0,60.0,65.0,77.0,66.0,57.0,55.5,81.5,31.5
North Dakota,2012,29.7,63.5,91.0,83.0,86.0,91.5,75.5,82.5,97.5,60.5,99.0,17.5,100.0,87.5,83.5,0.0,90.0,77.0,78.5,0.0,99.0,82.5,86.5,89.5,0.0,0.0,69.0,84.0,76.0,94.0,100.0
Ohio,2012,30.1,54.0,76.5,70.5,82.5,84.0,70.0,75.5,69.0,50.0,78.0,37.5,55.5,69.0,68.5,47.5,65.5,54.0,93.0,36.5,63.5,73.5,67.5,54.0,78.5,92.5,66.0,61.0,62.0,75.5,28.5
Oklahoma,2012,32.2,63.0,77.5,82.0,79.0,83.0,82.5,82.5,59.5,53.0,79.0,14.0,63.5,68.0,81.5,54.0,68.5,54.0,79.0,18.5,74.5,71.5,72.0,53.5,74.0,0.0,62.0,68.5,55.5,83.5,22.5
Oregon,2012,27.3,51.0,64.5,70.0,74.0,82.66666666500001,63.0,77.0,56.5,33.0,79.5,20.0,46.0,71.0,52.0,47.0,62.0,52.0,49.5,22.5,63.5,55.5,68.5,81.5,32.5,0.0,71.5,70.5,48.0,66.0,35.5
Pennsylvania,2012,29.1,53.0,75.5,73.0,81.5,85.0,60.0,72.0,65.0,43.0,81.5,37.0,65.5,64.5,69.0,44.0,67.0,51.5,66.5,37.0,56.5,60.0,64.5,59.0,51.5,68.0,68.5,67.0,56.0,72.5,28.0
Rhode Island,2012,25.7,58.0,76.5,69.0,82.0,85.83333333499999,56.5,79.0,74.0,38.5,87.5,19.5,63.5,70.5,72.5,40.0,63.5,65.5,61.5,16.0,59.5,64.5,72.5,73.5,0.0,0.0,85.5,78.5,50.0,75.0,31.0
South Carolina,2012,31.6,58.0,76.0,71.5,70.0,84.0,69.5,78.5,53.5,59.5,84.5,26.0,60.5,67.5,77.0,44.5,66.5,56.5,83.0,25.0,73.5,56.5,63.5,70.0,66.0,0.0,60.5,65.5,54.5,82.0,30.0
South Dakota,2012,28.1,59.5,91.5,100.0,88.5,90.83333333499999,85.0,89.5,97.5,52.0,99.5,5.0,65.0,84.5,83.5,0.0,100.0,95.0,81.0,17.0,97.0,85.5,88.5,52.5,0.0,0.0,90.5,83.5,58.0,89.5,86.0
Tennessee,2012,31.1,59.0,84.5,82.5,73.5,88.66666666500001,83.0,82.0,58.0,55.5,79.5,19.0,74.5,62.5,77.5,31.5,74.5,60.0,79.0,30.5,67.5,61.5,69.0,62.0,89.5,62.5,65.0,63.5,60.5,88.0,25.5
Texas,2012,29.2,69.5,68.5,61.5,78.0,73.33333333499999,59.5,76.0,46.5,42.5,68.5,75.0,61.5,61.5,71.5,28.5,52.5,39.5,73.5,35.5,59.0,61.0,57.0,65.0,64.5,64.5,58.5,53.0,49.5,78.5,21.5
Utah,2012,24.3,58.5,62.5,83.0,77.0,73.33333333499999,56.5,76.0,71.5,32.5,92.5,24.0,53.0,72.5,65.0,43.5,67.5,48.0,64.5,25.5,80.0,69.0,68.0,52.5,0.0,0.0,75.0,63.0,47.5,71.0,25.0
Vermont,2012,23.7,48.5,82.5,67.0,81.5,91.66666666500001,50.5,82.0,80.0,46.5,95.0,14.5,56.0,100.0,60.5,0.0,69.0,65.5,53.5,29.5,79.0,56.0,70.5,57.0,0.0,0.0,83.5,92.5,73.0,63.5,45.5
Virginia,2012,27.4,56.0,69.5,79.0,74.0,86.33333333499999,60.5,72.5,56.0,47.0,87.5,63.0,55.0,62.5,66.0,47.0,53.5,49.0,65.0,22.0,62.5,59.5,64.0,71.0,70.0,63.5,68.0,67.5,54.0,74.0,27.5
Washington,2012,26.8,52.0,64.5,68.5,81.5,71.33333333499999,50.0,76.5,50.0,32.5,71.5,30.0,45.0,63.0,56.0,32.5,52.5,57.5,51.5,25.0,55.0,56.0,58.5,88.5,48.0,0.0,67.0,65.0,47.0,67.0,30.0
West Virginia,2012,33.8,65.0,98.5,78.0,76.0,99.5,100.0,90.0,72.0,78.0,97.0,20.5,81.5,66.0,99.5,80.0,95.0,75.0,100.0,25.5,68.5,62.0,100.0,40.0,0.0,0.0,74.5,52.0,75.0,100.0,29.5
Wisconsin,2012,29.7,48.5,74.0,69.0,75.0,77.16666666500001,60.0,68.0,72.5,48.5,78.5,27.0,52.5,67.5,64.0,40.5,62.0,47.5,86.5,18.0,64.0,64.0,67.0,63.5,46.5,0.0,64.5,63.5,65.0,68.0,34.5
Wyoming,2012,24.6,60.5,80.5,94.5,82.0,91.83333333499999,85.5,100.0,74.5,0.0,92.0,36.0,70.0,83.0,83.5,0.0,61.0,51.0,73.0,0.0,97.5,70.0,80.5,55.5,0.0,0.0,80.5,61.0,69.5,87.0,43.0
Alabama,2013,32.4,63.5,83.5,88.5,73.5,85.83333333499999,87.0,82.5,66.5,85.0,81.0,14.5,79.5,61.5,88.0,57.0,75.0,60.5,74.0,30.5,66.0,61.5,72.0,42.5,76.5,0.0,65.5,54.5,60.0,93.5,31.5
Alaska,2013,28.4,57.5,72.5,92.0,80.5,79.83333333499999,63.0,87.0,53.5,52.0,84.0,16.0,65.0,80.0,74.0,0.0,60.0,48.0,58.0,16.5,69.0,56.0,87.0,98.5,0.0,0.0,85.5,49.0,74.5,76.5,26.5
Arizona,2013,26.8,53.5,69.0,71.5,73.5,75.83333333499999,62.0,75.5,56.5,39.0,71.5,39.5,53.0,68.5,73.0,49.5,66.0,54.0,68.0,46.5,56.5,65.0,69.0,76.5,47.0,0.0,64.5,63.5,50.5,71.0,27.0
Arkansas,2013,34.6,99.5,85.0,83.0,78.0,92.66666666500001,92.0,88.0,71.5,76.5,85.5,12.0,77.0,70.0,88.0,47.5,75.0,64.5,81.0,19.0,70.5,68.0,78.5,47.0,93.0,0.0,76.0,48.0,65.0,94.0,27.5
California,2013,24.1,54.0,58.5,65.0,83.0,70.83333333499999,47.5,70.5,46.0,34.5,70.0,37.0,47.0,74.0,69.5,58.0,51.5,45.5,55.5,59.0,46.5,58.5,57.5,63.5,34.5,39.0,74.0,61.5,51.0,63.0,25.0
Colorado,2013,21.3,49.5,65.5,73.5,74.0,69.16666666500001,47.5,71.0,53.0,30.5,72.0,41.5,50.0,69.0,66.5,47.5,58.0,47.0,51.5,50.0,61.5,66.5,60.0,87.5,32.0,0.0,67.0,58.5,48.5,66.5,37.5
Connecticut,2013,25,50.0,68.0,69.0,74.5,86.16666666500001,52.5,71.5,58.0,46.0,77.0,28.0,69.0,68.0,72.5,59.0,63.0,54.5,53.5,29.0,51.5,56.0,72.0,68.5,28.0,0.0,76.0,61.0,53.5,67.0,27.0
Delaware,2013,31.1,58.5,79.0,76.5,83.5,96.33333333499999,59.0,79.0,78.0,61.0,97.5,49.5,84.0,76.0,81.0,0.0,66.5,29.5,69.5,50.5,66.5,75.5,87.0,61.5,0.0,0.0,90.5,65.0,87.5,79.5,29.5
District of Columbia,2013,22.9,51.5,66.0,74.5,100.0,77.66666666500001,48.0,66.5,60.0,48.0,75.0,55.0,55.0,67.0,59.0,52.5,49.5,69.5,53.5,76.0,54.5,77.5,60.0,79.0,27.5,0.0,56.0,65.0,49.0,73.0,32.5
Florida,2013,26.4,55.5,71.5,70.0,74.5,76.5,58.5,74.5,54.5,40.0,73.0,56.5,56.0,68.5,67.0,44.5,57.0,46.0,72.0,71.0,53.0,58.0,60.5,78.0,43.0,59.5,58.5,57.0,48.5,71.5,27.0
Georgia,2013,30.3,59.5,69.5,68.5,76.0,73.0,56.5,71.5,45.0,60.0,70.5,62.0,56.0,59.5,74.0,57.0,55.0,43.5,69.5,77.5,60.0,57.5,60.5,59.0,57.5,72.0,59.0,49.0,48.5,82.0,24.5
Idaho,2013,29.6,60.5,74.0,95.0,80.5,75.66666666500001,69.5,84.5,78.0,43.0,89.5,14.5,69.0,81.0,74.5,43.5,76.5,85.0,49.5,14.5,74.5,68.5,86.5,56.0,0.0,0.0,92.5,56.5,52.5,80.0,31.0
Illinois,2013,29.4,50.0,68.0,67.0,84.0,73.0,53.5,69.0,51.0,50.5,69.0,50.5,48.0,65.0,72.5,52.5,55.0,44.0,83.0,100.0,50.5,71.5,63.5,60.0,44.0,61.5,63.5,73.5,50.0,67.5,26.5
Indiana,2013,31.8,51.5,77.5,75.0,77.0,83.66666666500001,72.0,73.5,67.5,59.0,81.0,25.0,56.5,70.0,75.5,61.5,87.5,60.0,86.0,29.5,66.5,73.0,79.0,59.0,71.5,68.5,69.0,65.5,59.5,73.0,26.0
Iowa,2013,31.3,50.0,75.0,77.5,79.0,79.0,69.0,72.0,79.0,57.0,80.5,16.5,62.0,79.5,69.0,54.5,66.0,74.5,67.5,22.5,75.5,74.0,81.0,70.5,56.0,0.0,66.0,65.5,72.5,74.0,33.0
Kansas,2013,30,59.0,73.5,71.5,75.0,74.0,65.5,70.5,63.0,44.0,71.5,33.5,54.5,65.0,77.5,54.0,65.5,44.0,72.0,48.0,68.5,68.5,71.0,67.0,41.0,0.0,71.5,48.0,58.5,73.5,23.0
Kentucky,2013,33.2,57.5,83.0,81.0,78.0,80.33333333499999,81.0,78.0,61.5,71.0,77.0,25.5,73.0,64.0,91.0,54.0,81.0,55.5,90.0,46.5,64.5,66.5,78.5,52.0,84.0,48.0,68.5,55.0,59.5,88.0,25.0
Louisiana,2013,33.1,99.0,78.5,77.5,82.5,77.5,70.5,85.5,51.5,95.5,76.0,25.0,84.0,67.5,83.5,46.5,71.0,46.5,82.0,46.0,60.5,66.5,62.0,54.0,75.0,0.0,65.0,51.5,50.0,86.5,22.0
Maine,2013,28.9,47.0,84.5,75.0,75.0,96.66666666500001,68.0,81.0,68.5,51.5,84.5,12.5,75.5,79.5,66.5,57.0,74.0,72.0,53.5,32.5,74.5,58.0,84.0,47.0,0.0,0.0,67.5,70.5,52.5,67.5,38.5
Maryland,2013,28.3,54.5,71.0,82.0,75.5,84.16666666500001,57.5,69.5,68.5,60.5,83.0,57.0,65.5,66.5,73.0,70.5,62.5,55.0,57.0,45.5,55.5,63.5,69.0,70.5,38.5,0.0,69.5,66.5,58.0,74.0,30.0
Massachusetts,2013,23.6,47.5,67.0,67.0,87.5,78.66666666500001,45.5,68.5,49.5,39.0,74.0,30.0,65.0,66.0,62.0,56.5,63.0,49.0,48.5,78.5,50.0,66.0,62.5,65.5,41.0,0.0,66.0,64.0,49.0,63.0,24.0
Michigan,2013,31.5,50.5,71.5,69.0,80.5,73.83333333499999,63.0,71.0,56.5,51.5,72.0,39.5,59.0,65.0,73.5,60.5,62.0,54.0,81.5,63.5,56.0,62.5,71.0,56.0,56.5,76.5,70.5,57.0,51.0,70.0,23.0
Minnesota,2013,25.5,48.5,70.5,73.0,85.0,76.5,54.0,66.5,60.5,40.5,71.0,50.5,61.0,68.0,62.5,61.0,64.5,46.0,70.0,69.0,65.5,76.5,63.0,82.0,46.0,0.0,64.5,64.0,44.5,67.0,34.5
Mississippi,2013,35.1,74.0,83.5,78.0,66.5,80.0,90.5,79.5,67.5,100.0,76.0,27.0,77.5,58.5,98.5,64.5,67.0,63.0,72.0,55.5,62.5,49.0,75.5,47.0,99.5,0.0,65.5,44.5,55.5,91.5,20.0
Missouri,2013,30.4,61.5,76.5,72.5,83.5,76.16666666500001,64.0,73.0,60.0,51.5,71.0,50.0,62.5,65.0,70.5,46.5,68.0,51.0,80.0,63.0,65.0,74.5,74.0,64.0,56.5,97.5,64.0,56.0,51.0,73.5,22.5
Montana,2013,24.6,61.0,76.5,91.5,78.5,82.66666666500001,68.0,89.0,91.5,46.5,89.0,5.0,67.0,89.5,69.5,0.0,87.5,61.0,46.5,13.5,74.0,60.5,69.0,73.0,0.0,0.0,64.0,79.0,62.0,78.0,34.0
Nebraska,2013,29.6,55.0,82.5,84.5,87.0,81.33333333499999,61.5,75.0,68.0,52.0,79.0,20.5,59.0,74.0,77.5,68.0,72.5,69.0,77.0,28.0,74.5,100.0,69.5,62.5,0.0,0.0,64.0,59.0,60.0,79.0,34.0
Nevada,2013,26.2,58.5,66.5,70.0,74.0,72.5,57.0,72.0,48.5,37.0,68.5,35.0,53.0,66.0,76.5,54.0,56.0,41.5,78.0,48.5,54.0,60.0,67.0,84.5,0.0,0.0,61.0,55.0,49.5,69.0,26.0
New Hampshire,2013,26.7,49.5,74.0,84.0,79.0,86.16666666500001,62.5,82.5,60.0,44.0,82.5,17.5,68.5,81.0,60.5,74.0,63.0,50.0,53.5,24.5,72.5,62.5,79.0,57.5,0.0,0.0,74.0,73.0,54.5,70.0,31.0
New Jersey,2013,26.3,54.0,64.5,63.5,80.0,86.66666666500001,51.0,71.5,51.5,49.5,75.5,41.5,64.0,67.5,75.0,48.5,57.5,42.0,51.5,45.5,46.5,58.0,61.0,44.0,31.5,24.0,73.5,52.5,67.5,70.0,28.5
New Mexico,2013,26.4,57.5,86.0,93.5,71.0,81.0,74.0,80.0,74.5,45.0,87.0,9.5,59.0,70.0,84.5,99.0,76.5,64.0,69.0,22.5,57.5,60.0,74.5,49.5,0.0,0.0,78.5,80.0,64.0,71.0,55.5
New York,2013,25.4,56.0,62.5,61.5,85.5,74.33333333499999,46.5,68.5,47.0,47.0,69.5,34.0,58.0,70.0,68.5,53.5,53.5,41.0,51.0,49.5,44.0,55.0,60.5,42.0,32.5,44.5,73.0,60.5,50.0,63.0,23.0
North Carolina,2013,29.4,53.0,74.0,71.5,74.0,82.83333333499999,63.5,74.5,57.5,56.5,81.0,34.0,70.0,65.5,76.5,58.0,68.0,59.5,76.5,34.5,63.5,63.0,65.0,58.5,56.5,84.0,69.0,56.5,54.0,79.5,33.0
North Dakota,2013,31,65.5,94.5,80.5,86.0,91.0,73.5,83.0,87.0,67.5,93.5,12.0,99.0,97.5,85.0,0.0,86.0,87.0,69.0,34.0,92.0,88.5,82.0,97.5,0.0,0.0,80.5,100.0,82.0,100.0,100.0
Ohio,2013,30.4,53.5,77.0,76.0,81.0,80.5,67.0,73.0,62.5,55.0,75.0,32.5,59.5,71.0,73.5,70.0,70.0,58.5,82.5,39.0,62.0,75.5,74.0,52.5,62.0,87.5,67.0,60.5,56.0,73.0,28.0
Oklahoma,2013,32.5,90.5,81.5,81.5,82.5,76.33333333499999,74.5,80.5,62.0,55.5,71.0,24.5,76.0,67.5,80.5,49.0,72.5,53.5,76.5,40.0,69.0,74.0,77.5,61.5,70.5,0.0,59.5,45.0,60.0,86.5,24.5
Oregon,2013,26.5,39.5,55.5,53.0,49.0,49.833333335,40.5,49.0,37.5,22.5,51.5,10.0,35.0,47.0,39.0,47.0,41.0,42.5,29.5,13.0,39.5,38.0,48.0,49.0,25.5,0.0,50.5,49.0,35.0,41.5,22.0
Pennsylvania,2013,30,50.5,77.5,75.5,84.5,81.83333333499999,62.0,73.5,63.0,51.5,78.5,38.0,71.5,69.0,74.0,66.5,68.5,49.5,64.5,42.0,56.0,65.0,67.5,57.0,40.0,55.0,71.5,66.0,56.0,71.5,29.0
Rhode Island,2013,27.3,55.0,80.5,78.0,82.5,89.0,58.0,75.5,65.5,45.5,85.5,27.0,68.0,75.0,81.0,80.0,64.0,59.0,58.0,28.0,56.0,71.0,80.5,69.0,0.0,0.0,83.5,74.0,70.0,74.5,32.0
South Carolina,2013,31.7,53.5,76.5,77.0,69.0,83.16666666500001,70.0,76.0,56.0,76.0,79.5,24.0,67.0,69.0,78.5,55.5,68.5,54.0,69.5,29.5,69.0,57.5,67.5,65.0,59.0,0.0,64.0,48.5,54.5,82.5,32.0
South Dakota,2013,29.9,56.5,98.5,88.5,90.0,90.5,83.5,90.0,96.5,65.0,100.0,16.5,78.0,92.5,89.5,0.0,100.0,50.0,64.0,18.0,97.0,94.0,93.5,66.0,0.0,0.0,100.0,70.5,60.5,89.5,90.0
Tennessee,2013,33.7,59.0,84.5,82.0,77.5,84.66666666500001,77.0,80.5,57.0,58.5,76.0,25.5,77.5,63.0,82.0,66.5,75.5,56.5,76.0,45.5,63.5,65.0,72.0,63.0,82.0,98.5,60.0,55.5,51.5,86.0,27.0
Texas,2013,30.9,69.5,66.5,66.0,77.5,73.66666666500001,60.0,73.5,46.0,48.5,67.0,100.0,67.0,64.5,78.5,52.5,55.0,41.0,64.0,64.0,57.0,64.0,61.5,64.5,51.5,49.5,57.0,53.5,50.0,78.0,22.0
Utah,2013,24.1,55.5,65.0,71.0,78.5,69.0,55.5,71.5,66.0,36.0,82.5,34.5,51.5,71.0,72.5,68.0,63.0,50.5,61.0,51.0,72.5,68.5,72.5,59.0,22.5,0.0,69.0,67.0,50.0,71.0,25.5
Vermont,2013,24.7,48.0,78.5,84.0,82.5,92.0,60.5,87.0,82.0,52.5,88.5,15.0,58.0,98.5,74.0,0.0,73.0,95.0,47.0,16.0,79.5,60.0,82.5,51.0,0.0,0.0,78.0,57.0,70.0,65.5,43.0
Virginia,2013,27.2,52.5,69.5,78.0,80.0,82.83333333499999,57.0,68.5,52.0,48.0,78.0,56.5,61.5,67.0,69.0,70.5,56.5,48.0,62.5,65.5,61.0,63.0,64.5,71.5,49.0,55.5,64.5,53.5,50.0,74.5,27.5
Washington,2013,27.2,51.5,63.5,71.5,81.0,68.66666666500001,50.5,75.0,50.0,34.5,69.5,30.0,49.0,66.0,63.5,55.5,55.0,51.0,49.5,41.5,57.0,58.5,65.5,85.0,43.5,0.0,68.5,60.0,45.0,67.5,30.0
West Virginia,2013,35.1,64.5,97.0,91.5,79.0,97.0,100.0,88.0,71.5,85.5,94.5,17.5,94.5,68.0,100.0,90.0,93.5,78.0,100.0,10.5,67.0,65.5,99.0,43.5,0.0,0.0,69.5,64.0,67.0,95.5,31.5
Wisconsin,2013,29.8,47.5,72.5,72.0,78.0,80.0,60.0,68.0,64.0,55.5,78.0,22.0,51.0,72.5,69.5,64.5,66.5,65.0,85.0,30.5,66.0,68.0,68.5,65.0,56.0,0.0,67.5,57.0,62.5,68.5,36.0
Wyoming,2013,27.8,62.5,80.0,97.5,85.0,87.0,74.5,100.0,60.5,0.0,94.5,21.5,83.0,82.5,88.0,0.0,90.0,67.5,60.0,29.0,97.0,77.5,92.5,62.0,0.0,0.0,59.0,60.5,100.0,90.0,46.0
Alabama,2014,33.5,53.5,85.5,83.0,85.0,83.33333333499999,84.0,87.5,59.0,75.0,84.5,16.5,87.5,63.5,83.5,58.5,77.5,57.0,79.5,20.5,67.5,63.5,71.0,47.5,74.0,0.0,66.0,63.0,61.0,93.5,34.0
Alaska,2014,29.7,55.5,79.5,81.5,85.5,67.5,56.0,92.0,58.0,48.5,87.5,16.5,71.5,80.0,72.0,0.0,65.0,36.0,60.5,12.5,66.0,57.5,85.0,93.5,0.0,0.0,89.5,54.0,58.5,76.5,31.0
Arizona,2014,28.9,47.5,74.0,75.5,84.0,75.0,64.5,81.0,56.0,35.0,75.0,40.0,58.5,71.0,71.0,54.0,66.5,62.0,68.0,40.0,57.0,66.5,68.5,83.5,39.0,0.0,71.0,67.5,48.5,74.0,28.0
Arkansas,2014,35.9,100.0,89.0,86.5,90.0,87.83333333499999,94.5,92.5,70.0,62.0,84.5,12.0,87.0,71.5,90.5,52.0,80.0,70.5,90.5,20.5,74.5,68.0,84.5,49.5,100.0,0.0,84.0,64.0,73.0,90.0,30.0
California,2014,24.7,49.0,60.5,65.0,89.5,69.83333333499999,49.0,73.5,45.5,31.0,73.0,29.5,49.0,71.0,67.5,57.0,54.0,44.5,53.5,50.0,47.5,61.5,57.5,66.5,32.0,42.5,76.0,64.5,49.5,61.0,27.0
Colorado,2014,21.3,47.0,67.0,69.5,86.5,65.16666666500001,49.0,74.5,48.0,26.0,72.5,46.5,50.5,69.0,63.0,53.0,55.0,46.0,56.5,55.5,63.0,65.5,59.0,100.0,30.5,0.0,76.5,60.0,44.0,67.5,41.0
Connecticut,2014,26.3,45.5,73.5,74.5,87.0,83.33333333499999,51.0,77.5,56.0,39.0,81.0,22.0,67.0,71.5,71.0,56.5,72.5,61.5,51.0,25.5,51.0,59.5,61.5,68.0,20.0,0.0,77.5,64.0,55.0,66.5,28.5
Delaware,2014,30.7,55.0,82.0,84.5,96.0,100.0,68.5,83.0,78.0,57.5,100.0,56.0,85.5,77.0,71.0,0.0,80.0,71.0,73.5,36.0,67.5,80.0,82.5,67.0,0.0,0.0,85.5,77.5,100.0,79.5,32.5
District of Columbia,2014,21.7,47.5,63.5,83.0,100.0,69.33333333499999,45.5,65.0,52.5,38.0,70.0,49.5,53.5,66.5,52.5,59.5,49.0,64.0,51.0,74.5,54.5,69.5,53.0,84.5,31.0,0.0,60.5,69.0,40.0,64.5,33.0
Florida,2014,26.2,49.5,76.0,75.5,85.0,76.66666666500001,62.5,82.0,53.0,39.0,77.0,57.5,60.5,73.0,65.0,52.0,64.5,47.0,74.5,56.0,56.0,61.0,62.0,86.0,45.0,71.0,64.0,59.0,47.0,74.0,30.0
Georgia,2014,30.5,53.5,72.0,70.0,78.5,70.16666666500001,60.5,74.5,45.5,56.0,71.0,59.5,58.0,61.0,76.0,53.5,55.5,43.0,66.0,79.0,60.5,54.0,64.0,67.0,55.5,63.0,64.0,53.5,47.5,80.0,25.0
Idaho,2014,28.9,50.5,77.0,84.0,92.5,75.33333333499999,69.5,87.0,75.5,35.5,90.5,17.5,71.5,83.0,71.0,76.0,85.0,72.0,65.5,14.0,77.5,70.0,82.5,58.0,0.0,0.0,82.5,64.0,49.0,78.5,33.0
Illinois,2014,29.3,48.0,71.5,69.5,94.0,69.66666666500001,55.5,74.0,51.5,47.5,72.5,49.5,54.0,68.5,70.5,54.0,57.0,46.5,82.5,100.0,53.5,70.5,64.0,66.0,44.5,62.5,72.0,68.5,50.5,71.0,28.0
Indiana,2014,32.7,46.5,82.5,74.5,90.0,83.16666666500001,77.0,79.5,66.5,51.5,83.5,28.5,60.5,74.5,71.5,51.0,92.5,60.5,83.0,27.0,69.0,75.0,78.5,60.0,66.5,78.0,82.0,70.0,59.0,73.5,29.0
Iowa,2014,30.9,45.5,78.5,77.5,93.5,79.33333333499999,71.5,80.0,76.0,50.0,84.5,19.5,67.0,84.0,70.5,64.5,69.5,78.5,79.0,18.5,79.0,77.5,79.5,74.5,51.5,0.0,77.5,66.5,64.5,71.5,40.0
Kansas,2014,31.3,53.5,72.5,63.0,80.0,66.83333333499999,61.0,71.5,50.0,47.0,70.5,29.5,55.0,64.0,76.5,62.0,61.0,39.5,80.0,54.5,65.0,63.0,69.0,70.5,63.0,0.0,70.0,45.5,55.5,70.0,23.0
Kentucky,2014,31.6,50.0,90.0,83.5,92.5,79.5,83.0,84.5,52.0,59.0,78.5,29.0,77.5,65.5,85.5,48.0,77.0,47.0,88.5,38.0,64.5,67.0,74.5,62.5,89.0,0.0,75.5,58.0,48.5,86.0,26.0
Louisiana,2014,34.9,73.5,81.0,75.0,86.0,76.16666666500001,73.5,89.5,49.5,82.5,73.0,30.5,83.0,67.5,82.5,39.0,68.5,50.5,85.0,44.0,64.0,63.5,65.0,66.5,64.0,0.0,70.0,57.0,53.0,88.0,24.0
Maine,2014,28.2,44.5,90.0,76.5,89.0,93.5,72.5,86.0,61.5,40.5,88.5,10.5,74.5,80.0,69.0,54.0,76.0,71.0,51.0,14.0,75.0,64.5,89.0,49.5,0.0,0.0,94.0,94.5,58.0,68.5,40.5
Maryland,2014,29.6,50.0,72.0,81.5,85.5,84.0,62.0,74.5,67.0,52.0,89.0,43.0,68.5,71.5,69.5,71.0,69.5,60.0,59.5,35.5,59.0,65.5,74.0,69.0,28.0,0.0,73.5,62.5,58.0,73.0,32.5
Massachusetts,2014,23.3,44.0,70.0,70.5,94.5,75.66666666500001,49.0,74.5,53.5,36.0,79.0,28.5,67.0,69.5,62.5,59.5,66.5,48.0,47.0,60.0,52.0,63.5,64.0,69.5,31.0,0.0,77.0,66.0,50.5,64.5,26.5
Michigan,2014,30.7,47.0,76.0,74.0,91.5,71.33333333499999,65.0,76.5,54.5,47.0,73.5,40.5,61.0,71.0,73.0,60.0,68.0,56.5,80.5,53.0,58.0,64.0,69.0,62.0,50.5,63.5,75.5,62.5,56.0,72.0,25.5
Minnesota,2014,27.6,43.5,75.0,75.0,91.0,73.33333333499999,54.5,73.0,62.5,38.0,75.0,44.0,62.0,72.0,66.5,62.0,69.0,57.0,69.5,38.5,69.0,75.0,65.0,88.0,50.0,0.0,67.0,56.5,53.0,68.0,37.5
Mississippi,2014,35.5,65.5,86.5,90.0,88.5,84.33333333499999,90.0,94.5,64.0,100.0,83.5,18.0,90.5,69.5,95.5,48.0,74.5,65.0,77.5,36.5,64.5,58.0,83.5,48.0,89.0,0.0,72.0,55.5,72.5,100.0,23.0
Missouri,2014,30.2,58.0,77.5,74.5,96.5,78.16666666500001,69.0,81.0,57.5,51.0,76.0,48.0,67.5,68.0,71.5,57.0,75.5,55.0,82.0,45.0,69.0,76.5,72.5,69.5,63.0,91.5,73.0,63.5,48.0,76.0,26.0
Montana,2014,26.4,56.0,84.5,87.5,91.0,77.83333333499999,64.5,93.0,60.5,42.0,91.5,14.0,63.5,89.0,75.0,0.0,86.5,38.5,44.0,8.0,77.5,66.5,81.0,79.5,0.0,0.0,88.5,94.0,55.5,77.5,37.0
Nebraska,2014,30.2,50.5,81.5,86.5,98.0,74.16666666500001,67.0,81.0,67.5,46.5,83.5,25.5,55.0,76.0,73.0,71.5,73.5,57.5,82.5,23.5,76.5,100.0,70.5,72.5,0.0,0.0,64.0,56.5,62.0,78.5,33.5
Nevada,2014,27.7,51.0,69.5,71.5,87.5,69.16666666500001,60.5,77.5,45.5,33.5,69.0,35.0,62.0,69.0,73.0,45.0,63.0,43.5,70.0,44.0,55.5,65.0,63.0,84.5,0.0,0.0,76.5,49.5,50.5,72.5,28.0
New Hampshire,2014,27.4,42.5,76.5,75.5,90.5,91.16666666500001,62.5,86.0,63.0,39.5,88.0,14.5,69.0,87.0,63.5,65.0,68.5,50.5,51.5,29.5,71.5,64.0,71.5,57.5,0.0,0.0,85.0,71.0,49.5,67.5,32.5
New Jersey,2014,26.9,48.5,69.0,65.0,85.5,84.83333333499999,54.0,78.0,50.0,43.5,79.5,35.0,69.5,72.0,71.0,61.0,61.0,42.0,52.5,28.5,47.5,58.5,62.5,46.0,33.0,0.0,76.0,61.0,61.0,68.5,31.0
New Mexico,2014,28.4,55.0,76.0,84.5,80.0,77.16666666500001,75.5,83.5,65.0,40.0,84.0,13.0,71.5,71.5,76.5,54.0,76.0,65.0,74.5,17.0,60.5,61.5,66.0,55.0,0.0,0.0,75.0,75.0,64.5,73.0,54.0
New York,2014,27,52.0,66.5,68.0,94.5,70.33333333499999,49.5,73.0,44.5,41.0,71.5,27.5,59.5,69.5,65.5,50.0,54.5,40.0,50.5,35.0,45.5,55.5,59.0,43.0,31.0,40.0,71.5,61.0,48.0,64.5,24.0
North Carolina,2014,29.7,50.5,76.5,73.5,82.5,78.0,65.5,80.0,58.0,53.5,82.5,36.5,71.0,71.0,76.0,55.0,67.0,51.0,75.0,31.0,66.5,63.5,68.0,65.5,51.5,100.0,73.0,57.5,56.0,81.5,36.0
North Dakota,2014,32.2,58.0,88.0,78.5,94.0,87.0,66.0,88.0,94.5,49.5,92.0,17.0,96.0,94.0,89.5,0.0,83.5,60.5,86.0,15.5,91.5,93.5,83.5,99.0,0.0,0.0,80.0,87.0,59.5,98.5,100.0
Ohio,2014,32.6,48.0,79.0,78.5,94.5,79.0,68.0,79.5,61.5,46.0,78.0,30.5,65.0,73.5,74.0,68.5,76.0,64.0,83.0,28.0,64.0,76.5,74.0,58.0,58.5,81.5,69.5,63.5,55.5,74.0,30.0
Oklahoma,2014,33,76.5,81.0,78.5,98.0,76.16666666500001,73.0,84.0,55.5,49.5,73.0,32.5,78.0,68.5,72.5,56.5,67.0,52.0,78.5,45.0,66.0,78.5,75.0,72.5,74.5,0.0,60.5,60.5,43.0,83.0,28.5
Oregon,2014,27.9,31.5,40.5,48.0,40.5,36.166666665,30.5,46.5,29.0,14.5,42.5,7.5,27.5,35.0,29.5,41.0,34.5,28.5,23.5,11.0,28.5,30.0,35.0,40.0,21.0,0.0,38.0,39.5,27.5,31.5,18.0
Pennsylvania,2014,30.2,45.5,77.5,74.5,96.0,79.16666666500001,63.5,78.5,59.5,45.0,80.5,32.0,74.5,72.5,72.0,60.0,72.5,56.5,64.0,31.0,58.5,66.0,68.5,62.5,53.5,86.5,74.0,63.0,54.0,72.0,30.0
Rhode Island,2014,27,48.0,74.0,79.0,93.0,83.5,60.0,83.0,67.0,44.0,87.0,35.0,74.5,77.5,79.0,100.0,67.0,63.5,64.0,31.5,54.5,74.0,69.5,79.5,0.0,0.0,86.0,81.0,58.5,73.5,32.0
South Carolina,2014,32.1,55.0,79.0,78.5,80.0,73.33333333499999,71.0,80.5,46.5,59.0,78.5,29.5,66.5,68.5,75.0,73.0,69.5,50.5,68.5,43.5,67.5,58.0,66.0,72.0,53.0,0.0,70.5,58.5,56.5,81.5,41.0
South Dakota,2014,29.8,52.5,98.5,96.0,99.0,81.5,80.5,95.0,97.0,50.0,94.5,8.0,77.5,87.0,82.0,0.0,98.0,100.0,79.5,14.0,91.0,89.5,89.0,65.0,0.0,0.0,100.0,70.5,78.5,90.0,86.5
Tennessee,2014,31.2,56.5,89.0,85.0,88.5,83.33333333499999,81.5,87.0,57.0,57.5,77.0,24.0,83.0,66.0,78.5,59.0,80.5,55.0,77.5,25.0,67.5,68.0,73.5,66.5,73.0,86.0,69.5,62.0,50.5,90.5,30.0
Texas,2014,31.9,67.0,71.0,68.5,87.5,74.33333333499999,64.0,79.5,47.5,45.5,71.5,100.0,74.0,68.0,74.5,56.0,60.0,43.5,67.0,56.5,59.5,68.0,64.5,68.0,48.5,72.5,63.5,55.5,52.5,79.5,24.5
Utah,2014,25.7,50.0,69.0,83.0,93.5,68.0,56.0,77.5,67.5,30.0,90.0,29.0,61.5,75.5,67.5,66.0,70.0,49.0,56.0,24.0,76.0,75.5,75.0,65.5,25.5,0.0,89.0,64.5,46.0,71.5,29.5
Vermont,2014,24.8,49.5,76.0,85.5,94.0,77.0,57.0,90.0,71.0,42.5,97.0,10.0,53.0,100.0,69.5,0.0,65.5,75.0,45.0,17.0,79.0,63.5,77.5,59.5,0.0,0.0,92.5,84.5,45.5,67.5,47.0
Virginia,2014,28.5,44.0,60.0,58.0,67.5,57.0,46.0,60.5,42.0,35.5,67.0,36.5,48.0,51.5,56.5,53.0,46.0,53.0,47.0,41.0,44.5,49.0,51.0,55.5,36.5,62.0,53.0,46.5,43.5,57.0,21.0
Washington,2014,27.3,46.5,67.0,71.5,89.0,68.0,53.5,78.0,48.5,29.5,71.5,28.0,52.5,68.0,58.5,60.0,60.5,47.5,52.0,33.0,57.0,61.0,62.0,85.0,34.5,0.0,70.0,62.0,48.5,67.0,31.5
West Virginia,2014,35.7,54.5,96.5,98.5,95.5,87.5,100.0,93.5,62.0,69.0,89.0,18.0,98.0,70.5,100.0,83.0,93.5,55.5,91.5,23.0,68.0,66.5,100.0,42.0,0.0,0.0,77.5,67.0,59.5,93.5,30.0
Wisconsin,2014,31.2,42.0,77.0,74.0,88.5,73.66666666500001,61.0,74.5,63.0,48.0,79.0,19.5,56.5,74.0,64.5,48.5,69.5,52.5,81.0,30.5,63.5,69.5,67.0,71.0,55.0,0.0,73.0,67.5,55.5,68.0,37.5
Wyoming,2014,29.5,63.0,92.0,98.0,94.5,72.16666666500001,71.5,100.0,77.0,0.0,93.5,13.0,78.0,83.5,81.0,0.0,89.0,49.0,75.0,11.5,100.0,70.5,73.0,66.5,0.0,0.0,62.5,57.0,60.0,95.0,49.5
Alabama,2015,35.6,69.5,82.0,97.5,78.0,92.33333333499999,85.5,89.5,72.5,79.5,83.0,26.5,89.5,65.5,87.0,72.0,73.0,77.0,61.0,27.5,70.5,65.5,67.5,41.0,81.5,0.0,59.5,83.0,79.0,91.5,42.0
Alaska,2015,29.8,59.5,76.5,83.5,81.5,76.5,62.0,91.0,67.0,43.5,80.0,25.0,65.5,84.0,77.0,0.0,57.0,61.5,41.0,11.5,67.5,57.5,83.0,100.0,0.0,0.0,75.0,78.5,69.0,79.0,32.5
Arizona,2015,28.4,57.0,70.5,77.5,79.5,82.0,64.5,82.0,65.5,37.5,74.0,47.5,61.0,74.0,72.0,55.5,63.0,68.5,52.5,47.5,59.0,72.5,67.0,73.0,53.0,0.0,68.5,86.5,57.5,79.0,34.0
Arkansas,2015,34.5,100.0,78.0,78.0,82.0,84.66666666500001,88.0,89.0,79.5,63.0,79.5,25.0,78.5,73.5,89.0,52.5,73.0,77.5,77.5,30.5,71.0,65.0,86.0,45.0,92.5,0.0,75.0,71.5,82.5,85.5,31.5
California,2015,24.2,59.5,58.5,69.0,87.5,71.0,49.0,72.0,52.5,33.0,69.0,31.5,49.0,72.0,66.0,62.5,51.0,52.0,45.5,54.5,47.5,66.0,61.5,57.0,36.5,31.5,69.5,78.0,63.0,60.5,30.5
Colorado,2015,20.2,57.0,65.0,80.0,78.5,68.5,49.0,74.5,56.0,27.0,74.0,58.0,51.0,73.5,60.0,62.5,55.5,57.5,41.0,49.0,62.0,68.0,60.5,78.0,33.0,0.0,68.5,77.0,57.5,66.0,44.0
Connecticut,2015,25.3,57.5,72.0,80.0,84.0,89.83333333499999,57.5,76.0,63.0,41.5,76.0,31.5,68.0,77.5,68.0,72.0,68.0,63.0,43.0,30.0,54.0,64.5,64.5,58.0,18.5,0.0,84.5,96.5,78.0,67.0,36.0
Delaware,2015,29.7,67.0,79.0,94.5,90.5,92.5,62.0,83.0,93.5,67.0,100.0,50.0,84.0,82.0,75.0,0.0,66.0,68.5,58.0,31.0,66.5,84.0,79.5,56.0,0.0,0.0,86.5,87.0,77.5,79.5,35.0
District of Columbia,2015,22.1,62.0,63.5,77.5,99.5,72.66666666500001,48.0,69.0,61.5,48.0,68.0,58.5,60.0,69.0,61.5,65.5,49.5,55.5,50.5,100.0,54.0,72.5,55.5,73.0,46.0,0.0,64.5,69.0,55.5,69.5,33.0
Florida,2015,26.8,60.0,75.0,79.5,79.0,82.16666666500001,61.0,81.0,58.5,42.0,74.0,64.0,59.5,73.5,65.0,58.0,60.0,55.0,55.5,68.5,57.5,63.0,64.0,76.5,55.5,61.0,60.0,73.0,63.5,72.0,33.0
Georgia,2015,30.7,66.5,69.0,75.5,75.5,75.0,64.0,75.5,52.0,64.0,67.5,66.0,62.0,63.5,73.5,53.5,56.5,53.5,57.5,77.0,61.5,57.0,65.5,59.5,73.5,83.5,59.0,67.0,66.5,79.0,29.0
Idaho,2015,28.6,55.5,76.0,84.0,86.0,83.83333333499999,67.5,84.0,86.5,37.5,86.5,23.5,66.5,82.5,75.0,91.5,75.0,62.0,46.5,21.0,71.0,71.5,73.0,58.5,0.0,0.0,79.5,90.5,76.5,79.0,39.5
Illinois,2015,30.8,60.0,66.0,72.0,88.0,73.66666666500001,56.0,71.0,57.5,50.5,68.0,54.5,52.0,69.5,69.0,55.5,54.0,53.0,69.0,92.5,54.0,72.0,67.5,58.5,53.0,56.5,63.5,83.5,63.5,68.0,30.5
Indiana,2015,31.3,56.5,77.5,81.5,83.5,87.33333333499999,73.0,78.5,79.5,53.5,81.5,35.5,60.0,79.0,74.0,79.0,84.5,81.5,73.0,31.5,66.0,74.0,81.5,51.5,81.5,60.0,79.0,81.0,86.5,73.5,32.5
Iowa,2015,32.1,53.5,74.5,82.0,88.0,78.83333333499999,68.0,80.5,85.0,54.5,81.0,22.5,67.5,82.5,75.5,70.5,64.5,81.0,58.5,27.5,79.5,78.0,79.5,69.0,57.5,0.0,71.5,79.0,82.0,75.5,41.0
Kansas,2015,34.2,60.5,60.5,60.5,67.0,65.83333333499999,52.5,70.5,64.5,39.5,64.5,27.5,52.0,59.0,62.5,53.5,56.0,74.5,53.5,24.0,59.0,62.5,61.5,45.5,55.0,0.0,61.5,70.5,71.0,60.5,24.0
Kentucky,2015,34.6,59.5,82.5,91.5,92.5,86.0,83.5,90.5,63.0,72.5,76.5,36.0,80.5,71.0,91.0,70.5,73.5,62.0,75.5,39.5,63.5,71.5,80.5,53.0,77.5,0.0,74.5,71.5,63.5,91.5,30.5
Louisiana,2015,36.2,81.0,78.0,83.5,75.5,80.16666666500001,73.0,90.0,60.5,95.5,76.0,40.5,87.0,73.5,82.5,64.5,68.5,73.0,68.0,35.0,69.0,65.0,70.5,49.5,74.0,0.0,65.5,78.0,75.5,88.5,27.5
Maine,2015,30,56.0,83.5,82.0,83.5,87.33333333499999,68.0,86.5,76.0,46.0,82.0,16.5,75.5,82.0,67.0,89.0,68.5,80.0,44.0,23.5,76.0,61.5,79.5,49.5,0.0,0.0,78.5,95.5,71.5,71.0,48.5
Maryland,2015,28.9,62.0,69.0,84.5,80.5,88.83333333499999,60.0,73.5,79.5,52.5,84.5,46.0,68.0,74.5,67.5,82.0,64.5,80.5,50.0,36.5,60.5,69.0,77.0,58.0,35.5,0.0,72.5,85.5,77.5,72.0,37.0
Massachusetts,2015,24.3,53.0,65.0,76.5,86.0,78.33333333499999,48.5,72.0,63.5,39.0,77.5,37.0,65.0,73.0,63.0,61.5,62.5,57.0,34.5,41.5,51.5,67.0,64.5,59.5,34.5,0.0,69.0,86.0,66.0,64.5,30.0
Michigan,2015,31.2,61.0,73.5,77.0,86.5,77.33333333499999,65.0,74.5,64.0,54.5,72.0,52.0,61.0,72.5,71.0,69.5,61.5,63.0,69.5,72.5,58.5,66.0,71.0,58.0,57.0,52.5,70.5,78.0,67.0,71.0,28.5
Minnesota,2015,26.1,54.0,73.5,77.5,84.5,77.5,56.0,73.5,73.0,41.5,74.0,41.5,56.0,75.0,66.0,69.0,65.5,65.5,50.0,37.0,68.5,77.5,66.0,68.0,56.0,0.0,66.5,78.0,63.0,67.0,41.5
Mississippi,2015,35.6,71.5,90.0,87.5,77.0,99.5,90.0,97.5,81.5,100.0,88.0,22.5,89.0,70.0,91.5,62.5,76.5,68.5,61.5,30.0,70.0,60.5,90.5,35.5,97.0,0.0,68.0,73.5,92.0,98.5,26.5
Missouri,2015,32.4,67.5,76.5,83.5,86.5,80.5,71.5,79.5,64.0,57.5,74.0,51.5,69.0,72.0,72.0,65.5,71.5,61.0,68.0,48.5,69.0,74.5,70.5,58.0,79.5,87.5,70.0,81.0,61.5,76.0,29.5
Montana,2015,23.6,54.0,77.5,86.5,84.5,77.0,62.5,91.0,66.0,41.0,81.5,18.5,59.5,87.5,70.0,0.0,70.0,64.5,39.5,16.0,74.5,67.0,79.0,71.0,0.0,0.0,97.5,90.5,61.5,78.5,40.5
Nebraska,2015,31.4,71.5,79.0,82.0,91.5,76.66666666500001,62.0,81.0,76.5,55.0,77.5,37.0,60.5,78.0,82.0,59.0,64.5,63.0,59.0,31.0,75.5,94.0,73.0,70.5,0.0,0.0,70.0,77.0,59.5,77.5,35.0
Nevada,2015,26.7,63.5,64.0,70.0,74.5,74.16666666500001,61.0,75.5,56.0,38.5,66.5,45.0,63.5,71.0,75.5,48.0,53.5,53.5,58.5,56.0,55.0,61.0,71.5,75.0,0.0,0.0,70.5,68.0,56.0,71.0,35.0
New Hampshire,2015,26.3,51.5,78.0,79.0,87.5,87.16666666500001,60.5,84.0,65.5,40.5,84.5,25.0,64.0,89.0,64.0,55.5,61.0,56.5,37.5,26.0,74.0,65.5,80.0,55.5,0.0,0.0,72.5,87.5,74.0,71.5,38.0
New Jersey,2015,25.6,62.0,64.0,71.5,82.0,88.33333333499999,53.5,75.5,59.5,45.5,77.0,38.5,69.5,74.5,71.0,65.5,56.5,52.0,38.0,33.0,48.0,61.0,64.0,39.5,44.5,0.0,75.0,76.5,75.0,67.5,34.5
New Mexico,2015,28.8,60.0,79.0,98.0,73.0,79.5,70.5,83.5,76.0,41.0,82.5,26.5,74.5,71.5,82.0,78.0,69.5,52.5,46.5,25.5,60.0,63.5,69.0,52.0,0.0,0.0,65.0,93.0,66.0,74.0,51.0
New York,2015,25,64.0,63.0,68.5,89.0,73.0,49.0,73.0,53.5,48.0,69.5,34.0,63.0,72.5,66.5,54.0,50.5,47.0,42.0,43.5,46.5,60.5,59.5,39.5,38.5,40.0,67.5,78.5,63.0,65.0,26.5
North Carolina,2015,30.1,62.0,69.0,78.0,75.5,81.0,65.0,79.0,64.0,56.0,78.5,40.0,71.0,70.0,77.5,56.5,67.0,65.5,58.5,45.0,64.0,64.0,67.0,55.5,70.5,78.5,66.0,73.5,70.0,79.5,38.0
North Dakota,2015,31,64.0,84.0,80.5,98.5,91.83333333499999,70.5,93.0,97.5,51.0,86.5,20.5,91.0,97.5,91.0,0.0,82.0,64.5,54.0,14.0,92.0,100.0,69.5,88.5,0.0,0.0,77.5,82.5,95.0,92.0,100.0
Ohio,2015,29.8,59.5,75.5,79.0,87.0,84.0,67.5,80.0,73.5,53.0,76.0,39.0,64.5,77.5,72.5,67.0,69.0,73.0,70.0,35.0,63.0,77.0,72.5,50.5,57.5,68.0,67.5,81.0,72.0,76.0,34.0
Oklahoma,2015,33.9,72.0,73.5,85.5,93.5,77.0,71.0,84.5,57.5,48.5,74.5,41.5,75.5,72.5,72.5,41.5,63.5,49.5,58.5,49.0,64.0,80.0,75.5,66.5,81.0,0.0,65.5,72.0,65.5,81.0,34.0
Oregon,2015,30.1,41.5,39.0,42.0,39.0,38.333333335,30.5,50.0,35.5,17.5,46.0,15.5,29.5,37.0,32.0,32.0,35.0,46.0,21.0,12.5,29.5,32.0,36.5,35.5,24.5,0.0,36.0,48.0,39.5,32.5,20.5
Pennsylvania,2015,30,57.0,76.0,82.0,90.5,83.83333333499999,63.5,79.0,66.5,49.0,79.0,35.5,74.0,76.5,74.0,68.0,65.0,59.0,47.0,35.0,60.5,70.0,67.5,52.5,56.0,75.0,71.0,80.5,64.5,74.0,34.5
Rhode Island,2015,26,61.0,73.5,80.5,86.0,82.66666666500001,56.0,81.0,77.0,42.5,80.5,47.0,67.5,80.0,72.5,64.5,60.0,61.5,42.5,35.5,54.5,73.0,69.5,66.5,0.0,0.0,88.5,82.5,76.0,71.5,30.5
South Carolina,2015,31.7,63.5,73.0,72.0,71.0,74.83333333499999,71.0,78.0,57.0,70.5,70.0,46.5,61.0,69.5,82.0,55.0,60.0,46.0,53.5,68.5,66.5,54.0,68.5,64.0,68.5,0.0,52.0,64.5,65.5,78.0,42.0
South Dakota,2015,30.4,59.0,100.0,86.5,94.5,91.33333333499999,78.5,97.5,95.0,52.5,89.0,15.0,74.0,91.5,87.5,0.0,95.5,95.5,60.5,23.5,89.5,91.5,97.5,54.5,0.0,0.0,90.5,94.0,96.0,84.5,85.5
Tennessee,2015,33.8,64.0,85.5,87.5,83.0,85.66666666500001,78.0,88.5,59.5,67.5,73.0,39.0,81.0,68.5,81.5,62.5,73.0,71.0,63.0,45.0,65.5,68.5,71.5,59.5,82.5,100.0,62.0,71.5,66.5,90.0,32.5
Texas,2015,32.4,76.0,65.0,71.5,77.5,73.0,61.5,75.5,53.0,47.5,66.0,100.0,69.5,66.5,73.5,56.0,54.5,50.0,52.5,68.0,58.5,66.0,61.0,58.5,57.5,57.0,59.0,66.0,66.5,73.5,26.5
Utah,2015,24.5,58.0,62.0,86.0,87.0,72.0,56.0,76.5,74.5,32.0,83.0,37.0,56.0,76.5,71.0,78.5,62.5,65.5,49.0,33.0,71.5,77.0,69.0,58.0,37.0,0.0,70.5,81.0,57.5,70.5,32.0
Vermont,2015,25.1,56.5,83.0,84.0,89.0,67.66666666500001,54.5,88.0,77.5,45.5,89.0,19.0,55.5,100.0,68.0,0.0,68.0,84.0,40.0,21.0,74.5,64.5,86.5,40.5,0.0,0.0,81.5,94.5,67.0,73.0,54.5
Virginia,2015,29.2,51.5,50.0,54.0,53.5,51.833333335,41.0,57.5,41.5,31.0,65.0,32.5,44.5,49.5,49.5,47.5,39.5,57.5,32.0,30.0,39.0,45.0,45.5,41.0,37.0,33.5,47.5,52.5,51.5,50.0,21.0
Washington,2015,26.4,56.0,64.5,78.5,84.0,70.83333333499999,50.5,76.5,58.0,33.0,69.0,31.0,51.0,69.5,59.0,65.0,55.5,57.5,44.0,37.0,56.5,63.5,68.5,71.5,43.5,0.0,67.0,82.0,59.0,70.0,33.5
West Virginia,2015,35.6,63.5,95.5,97.5,87.0,98.66666666500001,100.0,96.0,78.0,81.0,85.5,17.5,100.0,73.0,100.0,65.0,92.0,72.0,87.0,25.0,68.5,69.5,94.0,36.0,0.0,0.0,75.0,90.0,92.0,100.0,34.5
Wisconsin,2015,30.7,51.5,74.0,78.5,85.5,76.66666666500001,57.5,75.0,73.5,52.5,73.5,31.0,52.5,77.5,67.0,68.5,65.5,69.0,63.5,35.0,65.5,72.5,70.5,61.5,51.0,0.0,71.5,75.5,78.0,69.0,42.5
Wyoming,2015,29,66.5,85.0,90.0,91.0,85.33333333499999,66.5,97.0,68.0,0.0,86.5,24.0,84.5,86.0,91.0,0.0,75.0,94.0,50.0,19.0,100.0,69.5,93.0,59.0,0.0,0.0,60.5,57.5,93.0,89.5,55.5
Alabama,2016,35.7,73.0,78.5,84.5,81.0,86.5,77.0,92.5,61.5,74.0,83.5,44.0,90.0,69.0,80.0,75.0,74.5,65.0,60.5,39.0,68.0,64.5,67.5,40.5,65.5,0.0,65.0,72.0,62.0,94.5,43.0
Alaska,2016,31.4,66.0,75.5,89.0,86.0,69.5,59.5,91.5,56.5,47.5,86.5,40.5,67.0,83.0,70.0,0.0,66.0,69.5,41.5,24.5,66.5,58.5,78.5,100.0,0.0,0.0,95.0,76.5,85.5,78.5,34.0
Arizona,2016,29,60.5,71.5,79.5,82.5,78.5,62.5,84.5,65.0,35.0,77.5,68.5,64.0,75.0,66.5,68.5,71.0,70.5,50.0,57.0,58.0,72.0,70.5,70.5,44.5,0.0,75.0,76.0,64.0,81.0,37.5
Arkansas,2016,35.7,100.0,75.0,72.0,80.0,78.5,79.0,88.5,80.0,58.5,73.5,38.5,79.5,69.0,78.0,60.0,71.5,71.5,61.5,44.5,68.5,60.5,81.5,46.5,74.0,0.0,68.5,67.5,80.0,85.0,30.5
California,2016,25,60.5,54.0,66.5,86.0,65.5,44.5,71.0,49.5,27.5,70.0,44.5,47.0,71.5,59.5,63.0,54.5,47.5,41.5,53.5,44.5,62.5,56.5,54.5,31.5,29.0,76.0,71.0,59.5,59.5,30.0
Colorado,2016,22.3,56.5,63.5,76.0,76.5,65.0,43.0,75.5,56.0,22.0,74.0,87.0,52.0,73.5,55.0,64.5,60.5,55.0,38.0,47.0,60.5,65.5,59.5,83.5,39.5,0.0,68.5,65.5,54.0,64.5,41.0
Connecticut,2016,26,60.0,72.5,79.5,84.0,83.0,51.5,79.0,63.0,39.5,82.0,53.0,68.0,78.0,64.0,69.5,70.5,69.0,38.0,40.5,51.0,59.0,73.0,64.5,27.0,0.0,85.5,86.5,66.5,72.5,37.5
Delaware,2016,30.7,72.0,83.0,83.5,94.0,95.5,66.0,89.0,76.5,58.5,97.0,72.5,95.0,82.0,70.0,0.0,72.0,49.0,54.5,49.5,70.0,81.0,84.5,58.5,0.0,0.0,89.0,77.0,100.0,79.0,36.0
District of Columbia,2016,22.6,67.0,62.5,74.0,93.5,69.5,48.0,71.5,54.0,45.5,71.0,92.5,60.5,71.5,66.0,54.0,53.0,45.0,47.5,100.0,55.0,66.0,60.0,76.5,37.5,0.0,64.0,62.0,51.0,74.0,33.5
Florida,2016,27.4,63.5,71.0,78.0,84.5,76.0,55.5,83.0,54.5,36.5,75.5,95.0,61.5,75.0,60.5,67.5,64.0,52.0,53.0,75.0,56.0,63.0,60.5,82.0,47.0,46.0,63.5,66.5,62.0,72.5,34.0
Georgia,2016,31.4,71.0,69.5,73.5,85.5,74.0,59.0,82.5,50.5,55.5,72.5,89.0,63.0,68.0,68.5,56.0,61.0,55.0,54.5,78.5,63.5,62.0,63.5,63.0,56.5,56.5,64.0,67.0,64.0,85.0,31.5
Idaho,2016,27.4,57.0,70.0,89.5,87.5,73.0,60.0,88.0,80.0,31.5,84.5,38.5,59.5,82.0,64.5,74.5,79.5,77.5,44.5,29.5,69.5,70.5,83.5,57.0,0.0,0.0,79.0,86.0,67.0,81.0,43.0
Illinois,2016,31.6,63.0,66.0,71.5,94.5,70.5,52.5,75.5,54.0,43.5,72.5,70.5,55.0,72.0,65.0,58.5,60.5,52.5,61.0,87.5,55.0,73.0,66.0,59.5,42.5,47.5,71.0,75.0,61.0,69.5,31.0
Indiana,2016,32.5,60.5,75.0,78.5,86.0,83.0,69.5,82.0,78.0,46.5,81.0,63.0,59.0,78.0,71.5,67.5,86.5,79.5,63.5,46.5,64.5,70.5,78.5,55.5,61.5,74.5,74.5,78.0,69.5,73.5,33.0
Iowa,2016,32,57.5,71.0,72.0,87.0,75.5,60.5,82.0,77.0,46.0,83.5,45.0,66.0,80.5,73.5,71.0,69.0,81.0,51.5,28.0,77.0,76.0,75.5,63.0,71.0,0.0,74.0,74.5,62.0,73.5,37.0
Kansas,2016,31.2,58.0,44.5,43.0,44.0,43.0,35.0,60.5,40.5,20.0,56.5,23.0,40.0,41.5,38.0,49.5,48.0,55.5,33.0,18.0,37.0,40.5,41.5,30.0,31.0,0.0,40.0,38.0,44.5,41.5,16.0
Kentucky,2016,34.2,63.5,82.5,89.5,90.0,88.5,79.0,90.5,71.5,59.0,79.5,47.0,88.5,76.0,83.5,71.0,87.5,59.5,69.0,41.5,67.0,69.0,79.0,49.0,86.5,50.0,70.0,72.0,74.5,94.5,32.0
Louisiana,2016,35.5,85.0,76.5,83.0,77.0,79.0,70.0,89.5,63.0,80.0,79.0,53.5,90.5,75.5,77.0,59.5,77.0,56.0,56.5,47.0,71.0,66.0,70.0,50.0,56.0,0.0,66.5,70.0,67.5,88.5,29.5
Maine,2016,29.9,57.0,85.0,88.0,85.5,80.5,63.5,87.5,74.0,43.5,83.0,34.0,68.5,83.0,68.0,52.0,79.0,67.0,41.0,33.5,73.5,58.0,75.5,49.5,0.0,0.0,86.0,77.0,66.0,71.0,49.0
Maryland,2016,29.9,66.5,65.0,82.0,79.5,81.5,55.0,74.5,74.5,49.5,84.5,72.0,67.0,75.5,63.0,92.0,68.5,63.5,42.5,44.5,58.0,67.0,64.0,59.0,37.5,0.0,77.5,76.0,65.0,75.5,36.5
Massachusetts,2016,23.6,57.5,63.5,71.5,91.0,74.0,44.5,74.5,59.0,35.0,78.5,60.0,67.0,74.5,59.0,64.0,66.5,57.5,35.5,58.0,50.5,67.0,63.5,58.5,37.0,0.0,74.5,80.5,64.5,69.5,31.0
Michigan,2016,32.5,61.5,72.0,73.0,90.5,72.0,59.5,77.0,58.5,47.0,73.5,70.0,61.0,74.5,67.5,59.5,67.0,58.5,59.5,76.5,57.5,65.0,64.0,56.0,50.5,56.5,70.0,72.5,66.5,74.0,29.5
Minnesota,2016,27.8,54.5,68.5,75.0,82.0,68.5,53.0,72.0,70.0,35.0,75.5,58.0,59.0,75.5,59.0,80.5,70.0,59.0,44.5,40.5,67.0,74.5,62.0,68.5,40.5,0.0,68.5,75.5,59.5,64.5,40.0
Mississippi,2016,37.3,81.5,87.0,82.0,80.5,96.5,87.5,99.0,75.0,100.0,88.5,37.0,94.5,73.5,93.5,55.0,77.5,67.5,59.5,50.0,67.5,58.5,80.0,41.5,99.0,0.0,73.5,70.5,82.5,100.0,29.0
Missouri,2016,31.7,71.0,75.0,79.5,87.0,78.5,67.5,81.0,64.0,49.0,75.0,71.0,76.5,74.5,68.5,79.5,80.5,71.0,61.0,52.0,68.0,74.0,74.0,59.0,64.0,69.5,72.0,70.0,59.0,76.5,30.5
Montana,2016,25.5,56.5,80.0,80.5,89.0,71.5,60.0,90.5,66.5,36.0,83.5,25.5,61.0,87.5,68.5,0.0,70.5,52.5,37.0,20.0,70.5,63.5,79.0,82.0,0.0,0.0,68.5,77.0,59.0,77.5,41.0
Nebraska,2016,32,68.5,74.0,81.5,92.0,70.5,58.5,84.5,64.0,50.0,79.5,50.5,62.0,80.5,69.5,83.5,68.0,59.5,55.0,38.5,73.5,91.0,75.5,68.0,0.0,0.0,75.0,59.5,63.5,76.0,34.0
Nevada,2016,25.8,64.0,60.5,71.5,78.5,71.5,58.0,77.5,58.0,32.5,71.0,65.5,60.5,73.0,68.0,75.5,59.0,43.0,58.5,49.5,55.0,62.0,64.5,75.0,0.0,0.0,70.5,66.0,64.5,69.0,36.0
New Hampshire,2016,26.6,55.0,71.5,80.5,88.0,80.0,56.0,88.5,70.5,32.0,87.0,34.0,63.5,89.5,58.0,79.0,71.0,66.0,38.5,35.0,70.0,65.5,80.5,48.0,0.0,0.0,64.5,89.5,57.0,69.0,40.5
New Jersey,2016,27.4,64.5,62.5,71.0,85.0,82.0,49.0,77.0,56.0,41.0,79.0,58.0,70.0,77.0,67.0,71.5,59.5,50.5,35.0,38.0,45.0,60.0,64.0,38.0,32.0,14.0,84.5,66.5,76.5,68.5,34.5
New Mexico,2016,28.3,64.0,75.5,94.0,76.0,74.5,71.5,85.0,74.0,31.5,86.0,38.5,69.0,71.0,83.5,50.5,74.5,55.0,50.0,36.5,60.0,60.5,73.0,52.0,0.0,0.0,75.0,82.5,65.5,75.0,55.5
New York,2016,25.5,67.5,59.0,66.5,90.0,69.0,44.5,74.5,50.5,41.5,72.5,49.0,61.0,75.0,62.5,51.5,54.0,41.5,37.5,47.0,44.5,56.5,57.5,38.5,31.5,30.0,70.5,68.0,60.0,66.0,27.0
North Carolina,2016,31.8,65.5,68.5,75.5,80.5,78.0,61.0,80.5,61.5,50.0,80.0,64.0,68.0,71.5,70.0,69.5,67.5,59.0,54.5,54.0,63.5,62.0,67.5,59.5,48.5,57.0,73.5,63.5,61.5,81.5,39.0
North Dakota,2016,31.9,62.0,84.5,75.0,100.0,87.5,63.5,90.5,98.5,46.0,95.5,45.5,82.0,94.5,79.0,0.0,89.5,97.5,49.0,35.5,100.0,100.0,83.5,78.0,0.0,0.0,75.5,80.5,71.5,92.5,100.0
Ohio,2016,31.5,62.5,72.5,76.0,91.5,78.5,61.0,81.0,70.0,45.5,76.5,66.0,62.5,78.0,69.0,63.5,72.5,60.0,65.5,49.5,64.5,74.0,67.0,53.5,52.5,70.5,76.5,78.5,65.5,75.0,33.5
Oklahoma,2016,32.8,84.5,77.0,79.0,87.5,73.5,76.0,88.5,67.0,45.0,79.0,45.0,82.0,76.0,75.0,74.0,76.5,64.0,66.0,39.5,72.5,79.0,75.0,53.0,73.5,0.0,70.5,64.0,69.0,84.0,38.5
Oregon,2016,28.7,49.5,36.0,39.5,39.5,35.0,29.0,51.5,37.5,14.0,56.0,24.0,32.5,38.5,32.0,43.5,36.5,44.5,19.5,14.5,28.0,32.0,39.5,38.0,23.0,0.0,42.5,39.5,43.5,35.0,22.0
Pennsylvania,2016,30.3,61.5,72.0,78.0,88.0,78.5,58.5,77.5,65.0,45.5,81.5,49.5,73.0,76.0,69.0,77.5,72.5,63.5,43.5,42.0,58.0,65.0,63.5,50.0,44.5,60.5,70.0,79.0,63.5,73.0,34.0
Rhode Island,2016,26.6,63.0,73.0,82.0,91.0,83.0,49.5,83.5,67.0,40.0,88.5,66.5,72.5,82.0,66.0,71.0,64.5,61.0,40.0,37.0,56.5,70.5,66.5,64.5,0.0,0.0,78.0,72.5,65.0,79.5,33.5
South Carolina,2016,32.3,68.0,74.0,75.0,75.5,78.5,66.5,82.5,63.5,59.5,78.5,63.5,69.0,74.5,72.5,62.5,69.5,51.5,52.5,50.0,68.0,58.0,65.5,66.0,62.5,0.0,69.0,73.5,64.0,80.0,48.0
South Dakota,2016,29.6,60.5,99.5,93.5,92.5,83.0,71.5,92.0,85.0,47.0,97.0,34.5,77.0,87.5,88.5,0.0,99.0,85.0,57.5,32.5,87.0,86.5,78.0,59.5,0.0,0.0,80.0,69.0,73.0,86.5,85.5
Tennessee,2016,34.8,70.0,84.0,82.0,83.0,81.0,78.0,89.0,58.5,61.0,76.0,63.5,83.5,69.5,77.5,60.0,80.0,60.5,58.0,49.5,69.0,64.5,76.0,65.0,66.0,82.5,63.5,70.0,64.5,89.5,33.0
Texas,2016,33.7,77.5,60.0,64.0,78.0,64.5,53.0,75.0,47.5,39.5,66.0,100.0,64.5,66.0,63.5,54.0,56.0,48.0,45.5,65.5,54.5,63.5,57.5,56.0,46.0,45.0,56.0,56.5,58.0,71.5,25.0
Utah,2016,25.4,59.0,60.0,81.0,88.5,65.0,48.5,78.5,70.5,32.0,88.0,64.0,59.0,77.5,63.0,74.5,69.0,56.0,42.5,38.0,67.5,78.0,72.0,54.5,0.0,0.0,76.0,64.5,62.0,69.0,33.0
Vermont,2016,27.1,55.5,67.5,69.5,89.0,73.0,53.5,91.0,96.5,35.0,99.5,28.0,55.5,100.0,62.0,0.0,66.0,69.0,32.5,29.0,74.0,62.5,88.0,41.5,0.0,0.0,100.0,92.5,53.0,69.0,56.0
Virginia,2016,29,66.0,68.5,82.0,86.0,80.5,56.5,80.5,59.5,43.0,87.0,80.5,57.5,75.5,67.5,93.5,62.0,55.0,48.5,46.0,65.5,68.5,64.5,63.0,50.0,56.5,76.0,80.5,72.0,76.5,34.0
Washington,2016,28.6,56.5,61.5,77.5,85.0,69.0,48.0,79.0,57.5,28.0,72.0,51.5,51.0,72.0,57.0,73.0,60.5,53.5,39.5,40.0,57.5,64.0,65.0,70.0,39.5,0.0,74.5,76.0,51.0,70.0,33.5
West Virginia,2016,37.7,67.0,95.5,96.0,86.5,100.0,100.0,99.5,70.5,71.0,88.5,32.0,97.5,73.0,100.0,97.0,97.0,60.5,72.5,34.5,64.5,67.0,100.0,38.0,0.0,0.0,76.5,83.0,65.5,99.0,32.5
Wisconsin,2016,30.7,54.0,68.5,75.5,85.5,71.0,53.5,76.0,67.0,44.5,77.0,52.5,48.5,79.5,64.5,73.5,65.5,61.5,56.0,46.0,64.5,70.0,70.5,62.0,53.0,0.0,74.5,70.5,73.0,71.5,41.5
Wyoming,2016,27.7,63.0,87.0,100.0,92.0,81.0,64.5,97.0,80.5,0.0,83.0,29.0,85.0,85.0,87.5,0.0,75.0,49.0,51.5,26.5,95.0,72.5,73.5,64.0,0.0,0.0,74.0,78.5,85.0,85.0,51.0
