states,year,y,40sw,antidepressants,anxiety,bullying,carbon monoxide poisoning,depressed,depression,how to commit,how to commit suicide,how to die,how to kill myself,how to kill yourself,how to suicide,how to tie a noose,i want to kill myself,l115a3,m70,m95,suicidal,suicidal thoughts,suicide,suicide,suicide help,suicide helpline,suicide hotline,suicide methods,suicide prevention,ways to commit suicide
Alabama,2011,13.6,0.0,63.5,70.0,55.5,46.5,66.0,63.0,0.0,72.0,81.5,0.0,47.0,55.5,39.0,0.0,19.5,55.5,93.5,64.5,71.0,62.5,62.5,43.5,0.0,42.0,0.0,29.5,55.5
Alaska,2011,19.8,0.0,63.0,71.5,45.5,92.5,67.5,69.0,0.0,0.0,68.5,0.0,0.0,62.5,71.5,0.0,50.0,0.0,0.0,75.5,0.0,80.5,80.5,0.0,0.0,89.5,0.0,100.0,0.0
Arizona,2011,17.9,85.5,50.5,67.5,44.0,41.0,63.5,57.0,0.0,84.0,70.5,70.0,66.0,52.5,44.0,91.5,27.0,59.0,84.0,69.0,45.0,66.5,66.5,67.0,0.0,57.0,52.0,27.0,41.5
Arkansas,2011,15.7,0.0,67.0,73.0,62.0,55.5,74.0,67.5,0.0,0.0,79.0,0.0,60.5,65.5,61.5,0.0,11.0,61.0,0.0,71.5,62.5,66.5,66.5,0.0,0.0,60.0,0.0,27.0,0.0
California,2011,10.6,41.5,42.5,61.5,35.0,39.0,66.0,50.0,87.5,75.5,61.0,64.0,61.0,49.5,31.0,62.0,13.5,31.0,53.0,68.5,48.0,67.0,67.0,50.5,69.0,57.5,38.5,20.5,51.0
Colorado,2011,17.8,76.5,56.0,65.0,39.0,66.0,63.5,56.0,0.0,82.5,58.5,72.0,88.5,57.5,51.0,51.5,21.5,46.5,58.0,68.5,50.5,69.0,69.0,60.5,0.0,58.5,63.5,41.0,81.0
Connecticut,2011,10.3,0.0,53.0,79.5,69.5,77.5,79.5,63.0,0.0,67.0,77.0,0.0,64.0,56.5,29.0,67.0,15.0,47.0,50.5,72.0,69.5,71.0,71.0,58.0,0.0,48.0,0.0,23.0,55.5
Delaware,2011,11.6,0.0,64.0,79.0,90.0,0.0,77.0,72.5,0.0,0.0,85.5,0.0,0.0,58.0,37.0,0.0,73.0,0.0,0.0,84.0,0.0,80.5,80.5,0.0,0.0,50.0,0.0,0.0,0.0
District of Columbia,2011,6,0.0,43.5,65.0,32.0,57.0,56.0,47.5,0.0,0.0,37.0,0.0,40.0,37.5,34.0,0.0,9.5,35.0,39.0,46.0,44.0,64.5,64.5,0.0,0.0,58.5,43.0,32.5,52.5
Florida,2011,15.1,75.0,51.0,65.0,38.5,33.0,64.5,50.5,83.5,69.5,66.5,58.0,55.0,49.5,31.0,57.0,14.5,41.0,56.5,57.5,61.0,57.0,57.0,42.0,0.0,48.0,46.5,16.0,47.5
Georgia,2011,11.8,48.5,51.0,64.5,43.0,37.0,62.0,52.5,0.0,73.0,63.5,58.5,58.0,44.0,39.0,45.5,11.0,38.0,48.0,54.5,57.0,59.0,59.0,49.5,0.0,39.5,50.0,16.0,62.0
Idaho,2011,17.7,0.0,72.5,73.5,56.0,55.0,65.0,74.5,0.0,0.0,87.0,0.0,60.0,62.0,29.5,0.0,46.5,97.5,0.0,77.0,61.5,75.5,75.5,0.0,0.0,86.5,0.0,32.0,0.0
Illinois,2011,9.5,49.0,52.0,69.5,47.0,54.5,69.0,56.0,83.5,79.5,60.0,50.5,60.0,50.5,42.5,52.5,11.0,33.5,46.0,60.0,55.5,65.0,65.0,55.5,0.0,54.5,42.5,22.5,62.0
Indiana,2011,13.5,0.0,63.0,73.0,65.5,64.5,76.5,68.0,0.0,88.5,81.0,84.5,78.0,66.0,54.0,74.5,21.5,51.5,57.5,68.5,57.0,72.5,72.5,63.5,0.0,52.5,0.0,32.5,100.0
Iowa,2011,13.8,0.0,61.5,73.0,74.5,66.5,68.0,67.5,0.0,77.5,73.5,0.0,75.5,61.5,56.0,0.0,13.0,37.5,0.0,59.0,57.0,70.0,70.0,77.5,0.0,52.0,0.0,27.5,0.0
Kansas,2011,13.7,0.0,61.5,72.5,66.0,72.0,63.5,63.0,0.0,83.0,70.5,0.0,85.5,56.5,41.5,0.0,13.5,24.0,78.0,72.5,64.5,73.5,73.5,83.0,0.0,57.5,0.0,31.5,56.0
Kentucky,2011,15.5,0.0,67.0,81.5,70.5,64.5,81.0,65.5,0.0,80.0,76.0,45.0,79.0,67.5,21.5,0.0,21.0,52.0,73.0,71.0,69.5,71.5,71.5,75.5,0.0,59.5,0.0,31.0,75.5
Louisiana,2011,12.5,0.0,70.0,72.5,57.0,43.0,68.0,58.5,0.0,71.5,78.5,0.0,55.0,50.0,25.5,0.0,11.5,38.0,65.0,70.5,59.5,65.5,65.5,0.0,0.0,55.0,0.0,33.5,59.0
Maine,2011,17.7,0.0,77.5,97.5,58.0,74.0,84.5,71.0,0.0,0.0,65.5,0.0,81.0,62.0,28.0,0.0,15.0,0.0,0.0,84.0,49.0,78.0,78.0,0.0,0.0,55.5,0.0,35.0,0.0
Maryland,2011,9.6,0.0,57.0,73.0,55.0,59.5,72.0,60.5,0.0,85.0,64.5,50.5,63.0,56.0,27.5,62.5,11.5,37.5,62.0,65.0,68.5,67.0,67.0,66.0,0.0,55.0,45.5,31.0,75.0
Massachusetts,2011,8.9,0.0,58.0,80.5,58.5,69.0,76.0,59.5,0.0,78.0,56.0,71.0,79.0,50.0,39.0,67.5,12.5,23.5,30.0,67.5,64.5,67.5,67.5,54.5,0.0,50.0,66.0,27.5,63.0
Michigan,2011,12.4,33.0,60.5,73.5,68.5,60.0,71.0,64.5,0.0,89.5,73.5,59.0,79.0,63.0,30.5,63.5,12.5,33.5,49.5,67.0,64.5,67.5,67.5,71.0,0.0,50.0,46.5,24.5,69.5
Minnesota,2011,12.8,0.0,58.5,75.0,46.0,68.0,62.5,59.5,0.0,71.0,58.0,53.0,59.0,49.5,42.5,65.0,11.5,41.0,55.0,57.0,50.0,63.5,63.5,54.0,0.0,54.5,44.5,30.0,63.0
Mississippi,2011,13.1,0.0,71.0,76.5,64.5,43.5,76.0,68.5,0.0,0.0,75.5,0.0,73.0,47.0,34.0,0.0,11.5,36.0,0.0,61.5,52.0,62.5,62.5,0.0,0.0,34.0,0.0,26.0,0.0
Missouri,2011,15.5,0.0,60.5,68.5,53.0,65.0,65.5,62.0,0.0,69.0,69.5,86.0,74.5,53.5,33.5,62.0,9.5,35.5,54.5,65.5,56.5,70.5,70.5,65.0,0.0,52.5,37.0,32.0,55.5
Montana,2011,23.3,0.0,96.0,81.5,67.0,98.0,77.0,74.5,0.0,0.0,69.5,0.0,0.0,91.0,66.5,0.0,25.0,0.0,0.0,85.5,0.0,77.5,77.5,0.0,0.0,66.0,0.0,51.5,0.0
Nebraska,2011,10.5,0.0,62.0,70.0,66.5,72.5,68.0,63.0,0.0,0.0,64.5,0.0,59.5,53.5,51.0,0.0,24.0,45.5,0.0,69.0,50.5,65.5,65.5,0.0,0.0,48.5,0.0,33.5,0.0
Nevada,2011,19,0.0,47.5,63.5,52.0,43.5,61.5,52.0,0.0,58.0,79.0,0.0,73.5,69.0,44.0,49.0,39.5,55.0,70.0,76.5,62.5,77.0,77.0,100.0,0.0,78.0,0.0,29.5,0.0
New Hampshire,2011,15,0.0,63.0,91.5,81.0,89.5,80.5,72.0,0.0,0.0,76.5,0.0,74.5,71.5,36.5,0.0,12.5,51.0,0.0,74.5,88.5,83.0,83.0,0.0,0.0,65.5,0.0,37.5,0.0
New Jersey,2011,7.8,0.0,49.0,71.0,90.0,53.5,80.0,61.0,95.5,94.5,75.0,77.0,68.5,61.5,22.0,75.0,9.5,27.0,46.0,75.0,75.0,67.5,67.5,40.0,0.0,52.5,43.5,22.5,69.0
New Mexico,2011,20.2,0.0,72.0,75.5,55.0,71.0,63.0,65.5,0.0,0.0,74.0,0.0,58.5,75.0,39.0,0.0,20.0,58.0,0.0,84.5,55.0,75.5,75.5,0.0,0.0,55.5,0.0,51.0,0.0
New York,2011,8.5,20.5,46.5,70.5,52.0,48.5,76.5,54.0,89.0,78.0,56.5,73.0,64.0,47.5,28.5,80.0,9.5,26.0,35.0,63.0,65.5,67.5,67.5,48.0,100.0,51.5,39.5,21.5,55.0
North Carolina,2011,12.6,44.5,58.5,70.5,48.5,39.0,66.5,58.0,0.0,91.0,65.5,60.5,60.0,56.5,31.5,65.0,21.5,44.5,65.5,59.5,64.5,59.5,59.5,54.0,0.0,53.5,36.0,24.5,47.5
North Dakota,2011,15.5,0.0,81.0,87.5,100.0,0.0,80.5,80.5,0.0,0.0,74.0,0.0,0.0,83.0,42.0,0.0,32.0,0.0,0.0,84.5,0.0,83.5,83.5,0.0,0.0,74.0,0.0,86.0,0.0
Ohio,2011,12.7,49.0,60.0,74.0,59.5,56.0,75.0,62.0,0.0,83.5,70.5,73.0,75.5,60.5,32.0,74.5,16.0,47.5,67.5,66.5,67.0,70.0,70.0,66.0,0.0,69.0,43.0,29.0,51.0
Oklahoma,2011,18.3,0.0,60.5,70.5,51.0,71.5,65.0,60.0,0.0,65.0,67.0,0.0,77.0,65.5,39.0,0.0,16.0,47.5,74.0,68.0,61.0,66.0,66.0,0.0,0.0,56.5,0.0,33.5,42.5
Oregon,2011,17,0.0,66.5,72.0,41.5,49.5,67.0,59.0,0.0,58.0,74.0,89.0,54.5,54.5,43.0,50.0,20.5,36.5,79.5,66.0,48.5,73.0,73.0,65.0,0.0,70.0,54.5,32.5,56.0
Pennsylvania,2011,13.7,44.0,61.5,80.0,61.5,55.0,83.5,65.5,99.5,96.0,70.0,73.5,79.5,62.0,33.0,84.5,14.5,44.5,59.0,67.5,70.0,71.0,71.0,59.5,0.0,53.0,49.0,24.5,76.0
Rhode Island,2011,9.6,0.0,70.0,97.0,89.0,79.0,94.0,71.5,0.0,0.0,80.5,0.0,98.5,65.0,61.0,0.0,0.0,0.0,0.0,82.0,92.0,79.5,79.5,0.0,0.0,45.5,0.0,28.5,0.0
South Carolina,2011,14.1,0.0,62.0,72.5,60.5,30.0,67.5,64.5,0.0,63.0,69.5,0.0,56.0,46.5,24.0,0.0,18.0,30.0,0.0,59.5,69.0,61.5,61.5,42.5,0.0,47.5,0.0,18.5,69.0
South Dakota,2011,15.5,0.0,100.0,88.0,87.0,93.5,75.0,78.5,0.0,0.0,100.0,0.0,0.0,73.0,56.5,0.0,33.5,0.0,0.0,83.5,0.0,84.0,84.0,0.0,0.0,74.0,0.0,64.5,0.0
Tennessee,2011,14.9,0.0,66.0,73.0,51.5,46.5,67.0,62.0,0.0,62.0,72.5,88.0,64.0,56.0,50.0,70.0,15.5,42.0,44.0,64.0,63.5,64.5,64.5,71.5,0.0,53.5,0.0,31.0,75.5
Texas,2011,11.3,47.0,49.0,60.5,40.0,41.5,60.5,50.5,90.5,67.5,61.0,59.5,63.0,46.5,40.0,51.5,17.5,47.5,47.0,59.5,58.0,61.5,61.5,47.5,84.5,51.5,38.0,15.5,55.5
Utah,2011,17.8,0.0,63.5,70.5,39.5,71.0,65.5,65.5,0.0,81.0,73.5,0.0,81.0,74.0,44.0,58.5,26.0,63.5,0.0,69.5,53.5,66.0,66.0,75.0,0.0,75.5,100.0,25.0,72.5
Vermont,2011,19.2,0.0,71.0,100.0,65.5,0.0,88.0,83.5,0.0,0.0,67.5,0.0,0.0,67.0,62.5,0.0,28.5,0.0,0.0,73.0,0.0,100.0,100.0,0.0,0.0,71.5,0.0,0.0,0.0
Virginia,2011,13,52.0,53.5,68.5,45.5,45.5,72.0,59.0,0.0,80.5,64.5,90.0,67.0,56.5,30.5,93.5,16.5,61.5,55.5,58.0,61.0,67.0,67.0,54.0,0.0,56.5,33.5,36.5,74.0
Washington,2011,15,92.0,57.5,67.5,38.0,45.0,67.5,57.0,0.0,79.0,58.0,86.5,62.5,54.0,42.0,78.0,18.5,67.5,65.5,63.0,47.5,70.5,70.5,69.0,0.0,57.5,49.5,30.0,59.0
West Virginia,2011,16.5,0.0,89.5,86.0,93.0,64.5,91.5,77.0,0.0,0.0,90.5,0.0,87.5,54.0,51.5,0.0,50.0,71.0,0.0,83.0,88.5,81.5,81.5,0.0,0.0,73.5,0.0,29.5,0.0
Wisconsin,2011,13.1,0.0,65.5,73.0,59.0,76.5,73.5,64.0,0.0,63.5,66.0,62.5,68.5,53.0,44.0,73.5,3.5,57.0,71.0,65.5,66.5,67.0,67.0,65.5,0.0,46.0,0.0,29.0,64.5
Wyoming,2011,23.3,0.0,83.0,77.5,59.0,0.0,75.0,100.0,0.0,0.0,82.5,0.0,0.0,100.0,99.5,0.0,0.0,0.0,0.0,98.0,0.0,99.0,99.0,0.0,0.0,0.0,0.0,0.0,0.0
Alabama,2012,15,0.0,67.5,68.0,56.0,32.5,65.5,72.0,0.0,72.5,64.5,0.0,64.5,65.5,30.5,0.0,20.5,58.5,63.5,62.0,57.5,64.0,64.0,66.0,0.0,42.5,0.0,30.5,43.0
Alaska,2012,23,0.0,55.0,64.5,36.0,81.0,73.0,68.5,0.0,0.0,61.5,0.0,0.0,88.5,47.5,0.0,37.5,0.0,0.0,73.5,0.0,85.0,85.0,0.0,0.0,70.0,0.0,100.0,0.0
Arizona,2012,17.7,100.0,57.0,66.5,47.0,27.5,71.5,63.0,0.0,78.5,59.5,81.0,60.0,66.5,38.5,95.0,15.5,69.5,86.5,86.5,64.0,77.5,77.5,68.0,0.0,59.5,84.5,26.0,58.0
Arkansas,2012,16.4,0.0,71.5,70.5,70.5,52.5,77.5,76.0,0.0,0.0,79.0,0.0,51.0,79.0,30.5,0.0,32.5,61.5,0.0,67.0,65.0,71.0,71.0,0.0,0.0,49.0,0.0,37.0,0.0
California,2012,10.2,44.5,45.5,65.5,38.5,31.0,71.5,58.0,100.0,60.5,54.5,73.0,49.5,58.5,27.0,61.5,13.5,38.0,40.5,75.0,56.5,73.5,73.5,52.5,95.5,53.0,64.0,24.0,40.0
Colorado,2012,20.3,72.5,59.0,64.0,40.0,49.0,66.0,62.5,0.0,72.0,52.0,83.0,72.0,69.5,51.0,83.0,19.0,62.5,67.0,73.5,65.0,77.0,77.0,60.5,0.0,53.5,78.5,40.5,88.0
Connecticut,2012,10.3,0.0,56.0,77.5,58.5,49.0,83.5,68.5,0.0,86.5,55.0,0.0,70.5,70.0,37.0,61.0,15.0,24.0,38.5,72.0,68.5,73.0,73.0,57.0,0.0,46.5,0.0,26.5,35.0
Delaware,2012,13.6,0.0,60.0,88.5,83.0,0.0,82.0,76.5,0.0,0.0,64.0,0.0,0.0,82.5,0.0,0.0,0.0,0.0,0.0,80.5,0.0,92.0,92.0,0.0,0.0,54.0,0.0,0.0,0.0
District of Columbia,2012,5.8,0.0,51.5,69.0,31.0,55.5,66.0,53.0,0.0,0.0,38.5,0.0,35.0,46.0,30.0,0.0,12.0,33.5,33.0,57.5,60.5,69.5,69.5,0.0,0.0,50.0,65.5,31.5,32.0
Florida,2012,15.5,67.5,47.5,66.0,39.0,30.5,67.5,57.5,84.5,61.0,59.0,59.5,55.5,53.5,29.0,62.0,10.0,46.0,48.0,62.0,66.5,62.5,62.5,48.0,0.0,40.5,61.5,19.0,44.5
Georgia,2012,11.8,47.5,49.5,63.0,39.5,34.0,67.0,57.5,0.0,59.5,56.0,71.5,53.5,54.5,31.5,65.0,11.5,48.5,55.5,58.5,62.5,61.0,61.0,43.0,0.0,38.5,60.0,20.5,66.5
Idaho,2012,18.6,0.0,69.5,71.5,52.5,49.5,79.5,75.5,0.0,0.0,75.0,0.0,93.5,96.5,57.0,0.0,49.5,100.0,0.0,71.5,74.5,78.0,78.0,0.0,0.0,100.0,0.0,45.5,0.0
Illinois,2012,10,51.0,51.5,70.0,45.0,49.5,68.5,60.5,90.5,61.5,53.0,69.0,65.5,55.5,34.5,56.5,10.0,38.0,37.5,64.0,66.5,70.0,70.0,56.5,0.0,48.0,68.5,25.5,77.5
Indiana,2012,14.4,0.0,60.5,73.0,69.0,62.5,72.5,75.5,0.0,70.5,73.0,82.5,77.5,70.0,49.5,70.5,13.5,44.5,64.0,68.0,67.5,73.0,73.0,65.0,0.0,47.0,0.0,31.0,90.5
Iowa,2012,12.5,0.0,70.0,71.0,92.5,54.5,75.0,77.0,0.0,88.0,72.5,0.0,44.5,79.5,18.0,0.0,5.0,86.0,0.0,73.0,65.0,77.0,77.0,82.5,0.0,51.0,0.0,38.0,0.0
Kansas,2012,17.4,0.0,59.0,72.0,63.0,52.5,70.5,73.5,0.0,71.0,67.0,0.0,70.5,67.0,46.5,0.0,34.0,54.0,64.0,72.0,68.0,80.5,80.5,61.5,0.0,53.0,0.0,35.0,47.5
Kentucky,2012,16.5,0.0,70.0,80.0,65.0,41.5,83.5,73.5,0.0,60.5,71.5,42.5,72.0,64.5,36.5,0.0,42.0,56.5,69.0,74.5,71.5,75.5,75.5,73.0,0.0,51.0,0.0,33.0,38.5
Louisiana,2012,12.3,0.0,68.5,73.5,48.5,41.5,68.0,63.5,0.0,51.0,60.5,0.0,48.0,61.0,37.5,0.0,22.0,55.5,64.0,63.0,62.5,68.5,68.5,0.0,0.0,42.5,0.0,23.5,48.0
Maine,2012,15.7,0.0,78.5,98.5,65.0,82.5,93.5,81.5,0.0,0.0,66.0,0.0,69.5,78.0,67.5,0.0,50.0,0.0,0.0,72.5,59.5,77.5,77.5,0.0,0.0,55.5,0.0,43.0,0.0
Maryland,2012,9.9,0.0,50.0,72.0,54.0,46.0,74.0,65.5,0.0,58.0,59.5,49.0,61.0,59.5,22.0,57.5,15.0,42.0,34.0,67.5,67.0,72.0,72.0,54.0,0.0,57.5,73.0,34.0,61.5
Massachusetts,2012,9.1,0.0,58.0,83.5,47.0,51.5,75.5,64.5,0.0,54.0,50.5,67.5,59.0,54.5,38.5,69.5,6.5,27.0,40.0,65.5,65.0,76.5,76.5,47.5,0.0,40.5,88.0,29.5,61.5
Michigan,2012,12.8,76.5,53.0,70.5,61.5,51.0,78.5,66.5,0.0,75.0,63.5,71.5,69.0,68.0,38.5,81.0,7.5,50.0,78.5,73.0,71.5,73.5,73.5,79.0,0.0,55.0,63.5,29.5,58.0
Minnesota,2012,12.2,0.0,60.5,73.5,47.0,50.5,66.0,66.0,0.0,70.0,53.0,61.5,56.0,58.0,50.0,59.0,23.0,41.5,43.0,61.0,55.0,67.5,67.5,64.5,0.0,47.5,71.0,28.5,72.5
Mississippi,2012,13.7,0.0,70.5,74.0,59.5,41.0,69.5,73.0,0.0,0.0,65.5,0.0,63.5,63.0,21.0,0.0,7.0,44.0,0.0,62.5,60.0,64.5,64.5,0.0,0.0,26.0,0.0,24.0,0.0
Missouri,2012,15.2,0.0,60.5,71.0,49.0,54.5,71.5,67.0,0.0,62.5,58.5,66.0,62.0,58.0,44.5,67.0,22.0,56.5,73.5,66.0,60.5,75.5,75.5,79.5,0.0,58.0,72.5,26.5,60.0
Montana,2012,23.2,0.0,88.0,79.5,61.5,66.5,69.0,84.0,0.0,0.0,75.5,0.0,0.0,53.5,43.0,0.0,0.0,0.0,0.0,76.5,0.0,77.0,77.0,0.0,0.0,58.5,0.0,52.0,0.0
Nebraska,2012,12.5,0.0,63.5,74.5,68.0,61.5,68.5,70.5,0.0,0.0,56.5,0.0,50.0,48.0,34.0,0.0,36.0,53.0,0.0,71.0,72.0,72.0,72.0,0.0,0.0,50.0,0.0,36.5,0.0
Nevada,2012,19,0.0,53.0,61.5,51.5,27.0,68.5,61.0,0.0,74.0,70.5,0.0,52.5,66.0,36.5,62.0,16.5,76.0,54.5,79.0,79.5,78.5,78.5,57.0,0.0,59.0,0.0,31.5,0.0
New Hampshire,2012,15.3,0.0,63.0,89.0,64.0,56.5,84.5,82.0,0.0,0.0,66.0,0.0,79.0,91.0,35.0,0.0,28.0,82.0,0.0,86.5,75.0,86.5,86.5,0.0,0.0,48.5,0.0,42.0,0.0
New Jersey,2012,7.7,0.0,50.0,72.0,70.0,43.5,83.5,67.0,93.5,62.5,62.0,85.5,64.0,62.0,23.0,79.0,8.0,25.0,38.0,73.0,71.5,70.0,70.0,57.5,0.0,49.0,67.5,27.0,54.5
New Mexico,2012,21.2,0.0,74.0,78.0,63.0,54.5,76.5,78.0,0.0,0.0,66.5,0.0,59.0,93.5,48.5,0.0,29.0,81.0,0.0,88.5,63.0,79.0,79.0,0.0,0.0,54.5,0.0,38.5,0.0
New York,2012,8.7,27.0,47.5,70.5,53.5,42.0,74.5,59.5,87.5,59.5,51.0,66.5,66.5,54.5,24.5,62.5,7.5,25.5,34.5,65.0,71.0,69.5,69.5,48.0,84.0,42.0,63.0,25.5,53.5
North Carolina,2012,13.2,78.5,56.5,70.5,49.5,39.5,68.0,64.0,0.0,67.0,59.5,53.0,60.0,58.5,30.5,43.0,19.0,53.5,75.0,65.5,65.5,63.5,63.5,61.5,0.0,44.0,62.0,28.0,76.0
North Dakota,2012,15,0.0,100.0,88.5,68.5,0.0,80.5,87.5,0.0,0.0,67.5,0.0,0.0,72.0,53.5,0.0,50.0,0.0,0.0,77.5,0.0,83.5,83.5,0.0,0.0,47.5,0.0,75.0,0.0
Ohio,2012,13.4,78.5,60.5,75.0,61.0,61.0,72.5,68.5,0.0,75.5,66.0,69.0,68.0,68.5,30.5,74.0,19.0,53.5,73.0,71.0,72.5,77.5,77.5,73.0,0.0,53.0,60.0,34.5,68.5
Oklahoma,2012,17.6,0.0,68.5,73.5,59.0,62.0,72.5,67.0,0.0,79.5,67.5,0.0,69.5,73.5,25.0,0.0,30.0,70.0,84.5,76.5,67.5,79.5,79.5,0.0,0.0,48.5,0.0,37.5,80.5
Oregon,2012,18.6,0.0,62.5,74.0,42.0,37.5,69.0,69.5,0.0,59.5,58.5,55.5,53.5,70.0,38.0,64.5,30.0,65.5,50.0,75.0,47.5,79.5,79.5,79.0,0.0,65.5,93.0,30.5,65.0
Pennsylvania,2012,12.9,53.0,63.5,83.0,55.5,56.5,81.0,73.5,89.0,69.5,64.5,85.0,69.5,66.0,33.5,74.0,12.0,48.5,65.0,72.0,75.5,76.0,76.0,60.5,0.0,46.5,80.5,25.0,58.0
Rhode Island,2012,10,0.0,71.5,100.0,76.5,68.0,90.0,80.0,0.0,0.0,67.5,0.0,58.0,68.0,38.0,0.0,25.0,0.0,0.0,79.5,91.5,85.0,85.0,0.0,0.0,39.0,0.0,37.0,0.0
South Carolina,2012,14.3,0.0,60.5,69.5,56.5,30.5,68.0,69.5,0.0,100.0,67.0,0.0,52.0,59.0,37.5,0.0,28.5,47.0,0.0,67.5,72.5,68.0,68.0,55.5,0.0,40.0,0.0,26.5,62.0
South Dakota,2012,16.9,0.0,74.5,80.0,97.0,96.5,85.5,86.5,0.0,0.0,100.0,0.0,0.0,74.5,77.0,0.0,0.0,0.0,0.0,89.0,0.0,86.0,86.0,0.0,0.0,66.0,0.0,69.0,0.0
Tennessee,2012,15.2,0.0,65.0,72.0,50.0,44.0,70.5,68.5,0.0,66.5,64.0,62.0,62.0,69.0,29.0,59.5,10.5,48.5,86.0,65.0,65.0,71.0,71.0,55.5,0.0,46.5,0.0,29.5,66.0
Texas,2012,11.7,58.0,45.5,61.5,43.0,33.5,65.0,56.0,90.0,56.5,56.5,61.0,52.5,56.0,32.5,67.5,15.5,49.5,53.0,63.5,65.5,66.0,66.0,49.0,95.5,43.5,55.5,20.0,50.0
Utah,2012,19.3,0.0,65.0,67.5,42.0,80.0,69.5,72.5,0.0,78.5,67.5,0.0,58.5,75.0,55.5,87.5,33.0,65.5,0.0,73.5,66.0,73.5,73.5,100.0,0.0,56.0,100.0,34.5,79.5
Vermont,2012,13.9,0.0,87.5,92.0,69.0,0.0,88.0,90.0,0.0,0.0,61.5,0.0,0.0,92.5,55.0,0.0,0.0,0.0,0.0,80.5,0.0,91.5,91.5,0.0,0.0,41.5,0.0,0.0,0.0
Virginia,2012,13,59.0,52.5,70.5,47.0,43.0,72.0,65.5,0.0,75.5,60.5,55.0,66.0,63.5,37.0,51.5,22.5,61.0,71.0,63.0,60.5,71.0,71.0,48.5,0.0,48.0,72.5,39.0,54.0
Washington,2012,15.1,68.5,58.5,67.5,36.5,44.5,71.5,64.0,0.0,78.0,54.0,61.5,53.0,67.5,39.5,81.0,17.0,65.5,64.5,66.0,58.0,78.0,78.0,63.0,0.0,56.0,77.0,28.0,55.0
West Virginia,2012,17.6,0.0,69.5,90.0,95.0,88.0,98.5,85.5,0.0,0.0,89.5,0.0,76.5,85.0,34.0,0.0,50.5,75.0,0.0,91.0,97.0,85.5,85.5,0.0,0.0,66.5,0.0,43.5,0.0
Wisconsin,2012,12.6,0.0,59.5,73.5,57.0,54.0,72.0,71.5,0.0,60.5,60.0,79.5,54.5,67.0,45.0,78.0,11.0,40.5,64.5,64.0,59.5,73.0,73.0,87.0,0.0,49.0,0.0,38.0,60.5
Wyoming,2012,29.7,0.0,82.5,74.0,73.5,0.0,81.0,100.0,0.0,0.0,70.0,0.0,0.0,70.0,50.0,0.0,38.0,0.0,0.0,91.5,0.0,100.0,100.0,0.0,0.0,0.0,0.0,0.0,0.0
Alabama,2013,14.9,0.0,60.0,71.0,60.0,51.0,73.0,76.5,0.0,82.5,82.0,0.0,55.5,64.0,25.0,0.0,26.0,63.5,59.0,53.0,72.0,63.0,63.0,58.5,0.0,33.0,0.0,21.0,83.5
Alaska,2013,23.3,0.0,49.0,74.5,51.0,81.0,87.5,77.0,0.0,0.0,79.5,0.0,0.0,86.0,53.5,0.0,83.5,0.0,0.0,66.5,0.0,85.5,85.5,0.0,0.0,67.0,0.0,100.0,0.0
Arizona,2013,17.6,100.0,51.0,67.5,50.0,42.0,70.0,68.0,0.0,77.5,72.5,72.0,56.5,66.0,30.0,60.0,32.5,62.0,64.0,65.0,76.5,67.5,67.5,55.5,0.0,53.5,61.0,21.0,63.0
Arkansas,2013,17.4,0.0,65.5,76.5,79.5,55.5,75.0,83.5,0.0,0.0,95.0,0.0,58.0,69.5,39.0,0.0,50.0,76.0,0.0,66.0,80.0,69.5,69.5,0.0,0.0,53.5,0.0,38.5,0.0
California,2013,10.5,41.5,44.5,66.0,43.5,37.5,74.0,63.5,100.0,73.0,63.0,70.5,48.0,59.5,25.0,72.5,18.5,40.0,44.5,66.5,70.0,67.0,67.0,54.5,88.5,53.0,49.5,20.5,53.5
Colorado,2013,19.1,85.0,54.0,66.0,46.5,84.0,69.0,67.5,0.0,88.5,62.5,67.0,57.5,66.0,35.5,73.5,31.0,55.5,54.0,66.0,76.0,69.5,69.5,76.5,0.0,62.5,100.0,34.5,82.5
Connecticut,2013,9.2,0.0,58.5,82.0,64.0,59.5,86.5,76.5,0.0,57.5,69.5,0.0,59.0,59.0,32.0,93.0,19.0,47.0,40.0,63.5,81.5,66.5,66.5,63.0,0.0,57.5,0.0,25.5,43.5
Delaware,2013,13.2,0.0,54.5,81.5,77.0,0.0,98.5,83.0,0.0,0.0,82.5,0.0,0.0,82.0,11.5,0.0,0.0,0.0,0.0,73.0,0.0,81.0,81.0,0.0,0.0,66.0,0.0,0.0,0.0
District of Columbia,2013,5.9,0.0,45.0,66.0,34.5,57.5,61.0,58.5,0.0,0.0,39.0,0.0,40.5,40.5,12.5,0.0,8.5,34.5,40.5,43.0,57.0,61.5,61.5,0.0,0.0,43.5,45.0,36.5,48.0
Florida,2013,15,75.5,48.0,65.0,44.0,38.0,67.5,58.0,75.5,66.0,62.5,65.5,49.5,54.5,26.5,61.5,17.5,45.0,44.5,54.0,69.5,56.5,56.5,47.5,0.0,40.5,46.5,13.5,55.5
Georgia,2013,12.1,62.0,52.0,63.5,43.0,45.5,65.0,61.0,0.0,69.0,67.0,57.0,49.0,51.5,31.5,44.5,27.5,54.0,52.5,50.5,72.0,58.5,58.5,40.0,0.0,42.0,52.0,14.5,62.5
Idaho,2013,19.1,0.0,74.5,77.0,65.0,65.5,82.5,85.5,0.0,0.0,88.0,0.0,78.5,97.5,59.0,0.0,0.0,67.0,0.0,63.0,81.0,74.0,74.0,0.0,0.0,100.0,0.0,40.0,0.0
Illinois,2013,10.3,52.0,49.0,71.5,50.0,56.0,73.0,68.0,82.0,64.5,63.0,85.5,53.5,58.0,30.0,64.5,13.0,40.5,35.5,58.0,71.5,63.0,63.0,56.0,0.0,47.0,53.5,20.5,73.5
Indiana,2013,14.4,0.0,62.5,74.0,72.0,59.5,76.5,80.5,0.0,95.5,88.5,86.0,58.0,78.0,42.5,69.5,35.0,55.5,64.5,65.5,72.0,71.0,71.0,87.5,0.0,61.5,0.0,30.0,92.0
Iowa,2013,14.5,0.0,63.5,73.0,81.0,63.5,68.5,78.0,0.0,75.0,79.5,0.0,55.0,69.0,55.0,0.0,66.5,73.0,0.0,63.5,71.0,67.0,67.0,85.0,0.0,47.5,0.0,26.5,0.0
Kansas,2013,14.7,0.0,60.0,71.5,52.5,59.0,72.0,72.0,0.0,84.5,70.5,0.0,65.0,57.5,27.0,0.0,21.5,55.0,100.0,60.0,77.0,66.5,66.5,84.5,0.0,53.0,0.0,23.0,84.5
Kentucky,2013,15.9,0.0,61.5,79.0,61.0,73.0,80.5,76.0,0.0,68.0,82.0,63.0,63.5,70.5,40.5,0.0,25.5,64.5,52.5,64.0,76.5,69.5,69.5,59.5,0.0,51.5,0.0,30.5,66.5
Louisiana,2013,12.6,0.0,62.0,74.5,50.5,53.5,74.0,68.5,0.0,63.0,69.0,0.0,47.5,55.5,39.5,0.0,53.5,56.5,40.0,55.0,70.5,64.0,64.0,0.0,0.0,41.0,0.0,17.5,53.0
Maine,2013,18.4,0.0,78.0,95.5,67.5,79.0,82.0,89.5,0.0,0.0,77.5,0.0,50.0,73.0,29.5,0.0,45.0,0.0,0.0,63.0,70.5,79.0,79.0,0.0,0.0,53.0,0.0,37.5,0.0
Maryland,2013,9.6,0.0,50.5,73.5,54.0,46.5,75.0,70.0,0.0,73.5,61.5,76.0,49.5,63.5,28.5,78.0,13.5,55.5,37.5,59.5,74.5,65.5,65.5,55.5,0.0,57.5,58.5,26.0,52.5
Massachusetts,2013,8.5,0.0,53.5,83.5,46.0,66.5,76.0,71.0,0.0,60.5,57.5,54.0,49.5,55.5,27.0,69.5,5.0,26.5,28.0,57.5,70.5,64.5,64.5,53.0,0.0,43.0,70.5,23.5,67.5
Michigan,2013,13.1,74.5,57.0,74.0,57.0,67.0,77.5,74.0,0.0,86.0,72.0,92.5,62.5,66.0,35.5,75.5,23.0,45.0,49.5,62.0,77.5,66.0,66.0,81.0,0.0,58.5,56.0,23.5,70.5
Minnesota,2013,12.5,0.0,63.5,75.5,48.0,71.0,66.5,71.0,0.0,59.0,59.0,72.5,51.0,53.5,30.5,65.5,24.0,58.0,42.5,55.0,67.5,61.5,61.5,62.0,0.0,51.0,60.0,27.0,52.0
Mississippi,2013,13,0.0,60.0,71.5,57.0,43.0,66.0,70.5,0.0,0.0,78.5,0.0,55.0,62.5,26.5,0.0,0.0,87.0,0.0,58.0,75.0,61.0,61.0,0.0,0.0,35.0,0.0,15.5,0.0
Missouri,2013,15.9,0.0,61.0,71.0,49.5,58.0,67.5,67.5,0.0,73.0,70.0,59.0,52.0,55.0,41.5,59.0,13.5,45.0,50.5,55.0,68.5,64.0,64.0,56.5,0.0,57.0,62.5,21.5,49.0
Montana,2013,23.9,0.0,88.0,81.0,61.0,93.5,71.0,85.0,0.0,0.0,79.0,0.0,0.0,78.0,39.0,0.0,79.0,0.0,0.0,75.0,0.0,81.5,81.5,0.0,0.0,64.0,0.0,38.5,0.0
Nebraska,2013,11.8,0.0,62.5,71.5,69.0,71.5,69.5,75.5,0.0,0.0,72.5,0.0,44.5,66.0,36.0,0.0,32.0,75.0,0.0,59.5,68.0,67.0,67.0,0.0,0.0,53.5,0.0,34.5,0.0
Nevada,2013,19.4,0.0,48.0,68.0,50.5,46.0,74.0,62.0,0.0,93.0,75.5,0.0,67.0,73.0,27.0,72.5,50.0,77.0,69.0,74.0,76.0,73.0,73.0,57.5,0.0,64.0,0.0,21.0,0.0
New Hampshire,2013,14,0.0,65.5,93.5,67.5,65.5,87.5,81.5,0.0,0.0,87.0,0.0,77.5,71.0,50.0,0.0,40.5,61.0,0.0,69.5,64.5,77.0,77.0,0.0,0.0,60.5,0.0,33.0,0.0
New Jersey,2013,8.5,0.0,48.5,75.0,66.5,43.5,79.5,70.5,84.0,64.5,69.0,90.5,54.0,56.5,22.5,56.5,18.0,24.5,36.5,61.5,79.0,63.0,63.0,45.5,0.0,43.5,59.0,18.5,48.0
New Mexico,2013,20.7,0.0,63.5,73.0,59.5,73.0,79.5,81.5,0.0,0.0,81.0,0.0,51.0,72.5,51.0,0.0,39.0,71.0,0.0,80.0,74.5,80.0,80.0,0.0,0.0,57.0,0.0,35.5,0.0
New York,2013,8.6,15.5,47.5,71.0,50.5,46.5,75.5,65.0,76.5,63.0,58.0,70.0,52.5,50.0,22.0,58.0,8.5,19.0,30.0,56.5,75.0,60.5,60.5,52.0,96.0,46.5,52.0,19.5,55.5
North Carolina,2013,13,49.5,56.5,70.5,54.5,49.0,67.5,69.5,0.0,68.0,70.5,56.5,54.5,60.5,31.5,58.0,34.0,54.5,56.0,54.5,73.0,60.5,60.5,70.5,0.0,46.0,51.0,23.0,65.0
North Dakota,2013,17.7,0.0,83.0,96.0,71.0,0.0,84.5,83.5,0.0,0.0,88.5,0.0,0.0,76.0,43.5,0.0,98.0,0.0,0.0,61.0,0.0,73.0,73.0,0.0,0.0,53.0,0.0,46.5,0.0
Ohio,2013,13.2,85.0,57.5,73.5,57.5,55.5,72.5,73.5,0.0,75.0,74.0,62.0,58.0,64.5,36.5,61.0,34.5,55.5,55.0,60.0,73.0,67.5,67.5,66.0,0.0,54.5,65.5,26.5,67.0
Oklahoma,2013,17.3,0.0,65.0,73.0,52.0,72.0,70.5,67.5,0.0,64.0,71.5,0.0,62.0,52.0,50.5,0.0,23.5,89.5,61.0,62.0,68.5,67.0,67.0,0.0,0.0,52.5,0.0,26.5,75.0
Oregon,2013,17.8,0.0,39.5,47.0,38.5,31.5,46.5,45.5,0.0,42.5,43.5,50.0,35.0,42.5,32.0,40.0,9.0,38.0,44.0,41.5,44.0,49.5,49.5,54.0,0.0,40.5,45.0,16.0,38.0
Pennsylvania,2013,14,41.0,62.0,83.0,55.5,65.5,84.0,77.5,85.0,78.5,70.0,92.0,58.5,65.5,35.5,88.0,17.0,47.0,45.0,64.0,81.0,70.0,70.0,54.5,0.0,49.5,65.5,23.0,82.5
Rhode Island,2013,12.6,0.0,64.5,97.5,65.5,88.5,91.5,84.0,0.0,0.0,72.5,0.0,90.0,74.0,40.5,0.0,52.0,0.0,0.0,70.5,79.0,73.0,73.0,0.0,0.0,41.5,0.0,26.0,0.0
South Carolina,2013,14.6,0.0,57.0,72.0,63.5,48.5,68.5,74.0,0.0,73.5,71.0,0.0,50.5,66.0,18.0,0.0,8.0,49.5,0.0,58.0,70.0,62.0,62.0,57.5,0.0,40.0,0.0,18.5,42.5
South Dakota,2013,17.4,0.0,87.5,81.5,100.0,66.0,86.0,89.0,0.0,0.0,93.5,0.0,0.0,75.5,31.0,0.0,0.0,0.0,0.0,72.0,0.0,87.0,87.0,0.0,0.0,61.0,0.0,41.0,0.0
Tennessee,2013,15.9,0.0,63.0,72.5,45.5,49.5,70.5,68.5,0.0,53.5,70.5,64.5,47.0,60.5,31.0,46.5,22.0,47.5,33.5,56.0,67.0,62.5,62.5,63.0,0.0,42.5,0.0,23.0,72.5
Texas,2013,11.6,66.0,44.5,62.0,47.5,38.0,66.5,61.5,78.5,64.5,63.5,69.0,45.5,53.0,24.5,61.5,16.0,61.0,50.5,58.5,78.5,60.5,60.5,49.5,70.5,40.5,48.0,15.5,64.0
Utah,2013,20,0.0,64.5,71.5,49.0,95.5,73.5,77.0,0.0,97.0,76.0,0.0,66.0,80.5,46.0,66.0,17.5,73.5,0.0,71.5,74.5,71.5,71.5,95.5,0.0,60.5,65.0,43.5,80.0
Vermont,2013,17.9,0.0,85.5,100.0,71.0,0.0,84.5,91.0,0.0,0.0,74.0,0.0,0.0,80.0,55.0,0.0,47.5,0.0,0.0,69.0,0.0,94.0,94.0,0.0,0.0,63.5,0.0,0.0,0.0
Virginia,2013,13,48.5,55.0,70.5,47.0,47.5,72.5,67.5,0.0,68.0,65.5,92.5,61.0,60.5,23.0,70.5,23.0,64.0,49.5,58.5,73.5,66.0,66.0,42.5,0.0,49.5,57.0,29.0,73.5
Washington,2013,14.7,65.0,58.5,71.5,38.5,52.5,71.0,66.5,0.0,69.5,61.0,69.0,52.5,60.5,38.5,71.5,31.0,68.0,56.0,59.5,66.5,68.0,68.0,68.0,0.0,57.5,75.5,24.0,62.0
West Virginia,2013,17.4,0.0,62.5,90.0,86.5,89.0,96.0,97.5,0.0,0.0,100.0,0.0,86.5,94.0,39.0,0.0,50.0,89.0,0.0,80.0,100.0,82.0,82.0,0.0,0.0,54.0,0.0,34.5,0.0
Wisconsin,2013,14.8,0.0,57.5,76.0,65.5,72.0,72.0,74.5,0.0,84.0,74.0,95.5,52.5,71.0,35.5,83.5,23.5,65.0,58.5,61.0,70.0,65.5,65.5,78.5,0.0,53.0,0.0,31.5,41.5
Wyoming,2013,22.1,0.0,95.5,85.5,82.0,0.0,87.5,100.0,0.0,0.0,81.5,0.0,0.0,73.5,100.0,0.0,0.0,0.0,0.0,100.0,0.0,96.5,96.5,0.0,0.0,0.0,0.0,0.0,0.0
Alabama,2014,14.7,0.0,73.0,73.5,73.0,43.5,69.0,77.0,0.0,74.0,77.0,0.0,58.5,57.5,43.0,0.0,31.5,59.0,100.0,59.5,66.5,72.0,72.0,51.5,0.0,58.0,0.0,31.0,77.5
Alaska,2014,22.7,0.0,72.0,78.0,67.0,89.5,79.0,76.0,0.0,0.0,80.0,0.0,0.0,73.5,57.0,0.0,73.5,0.0,0.0,81.5,0.0,96.0,96.0,0.0,0.0,59.5,0.0,100.0,0.0
Arizona,2014,18.5,98.5,60.0,73.5,58.0,32.5,73.5,70.0,0.0,75.5,71.0,72.5,62.5,69.0,50.5,72.5,30.0,66.0,75.5,76.5,69.5,80.0,80.0,76.5,0.0,54.5,47.5,27.5,55.0
Arkansas,2014,17.4,0.0,74.5,79.5,84.5,37.0,78.5,86.0,0.0,0.0,91.0,0.0,58.0,68.0,98.0,0.0,30.5,71.0,0.0,64.5,83.5,77.0,77.0,0.0,0.0,62.0,0.0,33.0,0.0
California,2014,10.9,38.0,49.5,69.5,55.5,27.0,72.5,66.0,100.0,71.0,61.5,74.0,52.5,57.5,35.0,63.5,17.5,40.0,55.5,70.5,61.5,78.0,78.0,51.5,96.5,53.0,60.0,25.0,45.0
Colorado,2014,20.2,95.0,60.0,70.5,54.5,58.0,68.5,68.0,0.0,83.5,65.5,77.0,66.5,67.5,42.5,88.5,24.5,55.5,63.5,71.0,67.5,82.0,82.0,74.0,0.0,71.0,89.0,42.5,72.5
Connecticut,2014,10.5,0.0,62.5,86.5,71.5,47.5,75.5,78.0,0.0,69.5,65.0,0.0,71.0,62.0,43.0,98.5,24.5,22.5,30.5,58.5,66.0,72.0,72.0,57.0,0.0,50.0,0.0,26.0,28.5
Delaware,2014,13.5,0.0,60.5,90.0,87.5,0.0,83.5,81.0,0.0,0.0,69.5,0.0,0.0,57.5,0.0,0.0,18.5,0.0,0.0,68.0,0.0,86.0,86.0,0.0,0.0,63.5,0.0,0.0,0.0
District of Columbia,2014,7.9,0.0,50.5,70.0,42.5,42.5,59.5,57.0,0.0,0.0,43.5,0.0,52.5,38.5,37.5,0.0,14.5,36.5,47.5,50.5,52.5,76.0,76.0,0.0,0.0,48.5,52.5,43.5,36.0
Florida,2014,15.3,66.0,53.0,68.0,50.5,32.0,66.0,61.0,68.5,64.5,61.5,76.5,53.0,52.5,37.5,54.0,18.5,49.5,49.0,55.0,62.0,66.5,66.5,45.0,0.0,46.0,46.5,17.5,39.5
Georgia,2014,12.8,48.5,52.5,65.5,50.5,36.5,63.0,63.0,0.0,84.0,64.0,86.0,58.0,55.0,43.5,63.0,23.0,54.5,52.5,59.5,68.0,65.5,65.5,47.0,0.0,50.0,52.5,19.5,61.5
Idaho,2014,19.6,0.0,86.0,78.5,79.5,91.0,78.5,90.0,0.0,0.0,94.5,0.0,61.5,74.5,67.5,0.0,34.5,100.0,0.0,73.0,72.0,87.0,87.0,0.0,0.0,98.0,0.0,42.0,0.0
Illinois,2014,10.9,37.5,56.5,74.0,62.5,55.5,71.5,69.5,84.0,73.0,66.5,90.5,64.0,56.0,39.5,62.5,16.5,44.5,49.5,64.0,67.0,71.0,71.0,51.0,0.0,54.5,73.5,24.5,58.5
Indiana,2014,14.4,0.0,67.5,78.0,83.0,56.5,81.5,83.5,0.0,98.5,86.0,96.0,76.5,74.0,44.5,64.5,29.0,63.0,52.5,73.5,78.5,82.0,82.0,72.5,0.0,58.0,0.0,41.5,59.5
Iowa,2014,13.1,0.0,66.0,77.5,99.5,62.0,72.0,83.5,0.0,78.0,84.5,0.0,61.5,65.5,64.5,0.0,23.5,68.0,0.0,64.0,67.0,75.0,75.0,60.5,0.0,54.0,0.0,34.0,0.0
Kansas,2014,15.7,0.0,62.0,72.0,57.0,57.5,64.0,70.0,0.0,77.5,72.0,0.0,74.0,61.0,49.5,0.0,23.5,67.0,77.5,65.5,63.5,74.0,74.0,41.0,0.0,62.5,0.0,28.5,58.5
Kentucky,2014,16.5,0.0,72.5,82.5,63.0,62.0,79.0,77.5,0.0,90.0,76.0,78.5,69.0,59.5,53.5,0.0,22.0,65.5,52.5,66.0,74.0,79.5,79.5,67.0,0.0,63.0,0.0,31.0,64.5
Louisiana,2014,14.6,0.0,67.5,74.5,58.5,38.5,76.0,68.5,0.0,66.5,65.5,0.0,57.5,61.0,26.5,0.0,21.0,59.5,43.0,59.0,67.0,71.0,71.0,0.0,0.0,49.5,0.0,23.0,48.5
Maine,2014,16.5,0.0,79.5,99.5,71.5,77.5,90.5,89.0,0.0,0.0,84.5,0.0,77.5,75.0,77.5,0.0,35.5,0.0,0.0,63.0,53.0,90.5,90.5,0.0,0.0,66.0,0.0,46.0,0.0
Maryland,2014,10.1,0.0,59.0,74.0,64.5,47.0,74.0,72.5,0.0,71.5,63.0,82.5,54.5,60.5,30.0,60.5,23.0,31.0,50.0,60.0,63.5,75.0,75.0,52.0,0.0,61.0,63.0,39.0,41.5
Massachusetts,2014,8.8,0.0,61.5,84.5,54.5,51.5,74.0,74.0,0.0,67.5,60.0,78.0,60.5,55.0,40.5,86.5,18.0,25.5,38.0,62.0,64.5,73.0,73.0,46.5,0.0,48.5,81.5,28.5,47.5
Michigan,2014,13.7,54.5,67.5,74.5,65.0,61.0,74.0,74.0,0.0,79.0,73.0,88.0,68.5,62.0,62.5,87.5,21.0,44.5,76.5,68.0,77.0,74.5,74.5,69.0,0.0,62.0,67.0,25.0,56.0
Minnesota,2014,12.6,0.0,70.0,81.0,63.5,71.5,67.0,75.0,0.0,60.0,67.5,83.5,58.0,55.5,41.0,80.5,20.0,44.0,62.5,58.5,63.5,71.0,71.0,67.0,0.0,54.5,85.0,28.0,67.0
Mississippi,2014,12.7,0.0,68.5,77.0,78.0,55.5,70.0,75.0,0.0,0.0,73.5,0.0,52.0,59.5,51.0,0.0,23.0,68.5,0.0,59.5,68.0,70.0,70.0,0.0,0.0,45.0,0.0,25.0,0.0
Missouri,2014,16.8,0.0,67.5,75.0,63.0,62.5,71.0,74.0,0.0,70.0,68.5,61.5,57.5,62.0,61.0,59.0,33.5,54.5,58.0,64.0,66.5,75.5,75.5,72.0,0.0,70.0,54.5,28.0,56.5
Montana,2014,24.5,0.0,85.0,84.0,68.5,82.0,89.5,91.0,0.0,0.0,91.5,0.0,0.0,78.0,50.5,0.0,33.0,0.0,0.0,80.5,0.0,89.0,89.0,0.0,0.0,62.5,0.0,63.5,0.0
Nebraska,2014,13.3,0.0,68.5,75.0,77.5,66.0,70.5,74.5,0.0,0.0,73.0,0.0,52.5,65.5,76.5,0.0,20.5,60.5,0.0,66.5,58.5,76.5,76.5,0.0,0.0,70.5,0.0,39.0,0.0
Nevada,2014,20.2,0.0,58.0,70.0,60.0,37.0,70.5,64.0,0.0,82.5,71.5,0.0,73.0,66.5,53.5,61.5,31.5,74.5,65.0,83.0,78.5,86.0,86.0,48.5,0.0,64.0,0.0,32.5,0.0
New Hampshire,2014,18.6,0.0,66.0,92.5,76.5,77.0,74.5,83.5,0.0,0.0,74.0,0.0,70.0,74.5,61.5,0.0,32.5,76.5,0.0,66.5,71.5,87.5,87.5,0.0,0.0,70.5,0.0,40.5,0.0
New Jersey,2014,8.8,0.0,54.0,74.5,77.5,40.0,75.5,72.5,85.0,85.5,68.0,72.0,65.5,62.5,27.0,81.0,19.0,30.0,53.5,64.0,76.5,74.5,74.5,48.5,0.0,46.5,62.5,23.5,43.5
New Mexico,2014,21.5,0.0,72.0,79.5,82.5,50.5,75.5,78.0,0.0,0.0,81.0,0.0,100.0,74.0,81.0,0.0,41.5,76.5,0.0,82.5,83.5,87.5,87.5,0.0,0.0,75.0,0.0,49.0,0.0
New York,2014,8.6,17.5,53.0,73.0,59.0,43.0,70.5,65.5,81.5,65.5,56.5,64.5,58.5,50.0,33.0,65.0,16.0,24.5,39.5,61.5,65.5,70.0,70.0,43.0,100.0,46.0,68.0,23.5,44.5
North Carolina,2014,13.6,32.0,62.5,72.5,64.5,46.5,68.0,70.5,0.0,74.0,70.5,70.5,66.0,56.0,40.0,48.5,23.5,59.0,53.0,59.5,69.0,69.5,69.5,67.5,0.0,55.5,59.5,24.0,47.5
North Dakota,2014,18.5,0.0,82.0,94.5,74.5,0.0,82.0,88.0,0.0,0.0,83.5,0.0,0.0,77.0,68.0,0.0,60.0,0.0,0.0,79.5,0.0,84.0,84.0,0.0,0.0,43.5,0.0,53.5,0.0
Ohio,2014,12.9,64.5,68.0,78.0,67.0,64.0,76.0,76.5,0.0,78.5,74.5,65.5,71.0,64.0,52.0,65.5,19.5,60.0,52.5,65.0,72.5,76.0,76.0,67.0,0.0,63.0,70.5,33.5,57.0
Oklahoma,2014,19,0.0,67.5,76.5,57.5,55.5,71.0,69.5,0.0,71.0,65.5,0.0,60.0,58.5,57.0,0.0,32.0,81.5,71.0,66.5,66.5,79.0,79.0,0.0,0.0,54.0,0.0,31.0,37.0
Oregon,2014,19.7,0.0,31.5,38.0,31.0,19.5,36.0,35.5,0.0,38.0,35.0,36.5,29.0,35.0,31.0,36.5,11.5,40.0,50.5,33.5,28.0,41.5,41.5,37.0,0.0,28.5,43.5,15.0,23.0
Pennsylvania,2014,14.2,53.0,65.5,85.0,64.0,65.0,76.5,77.5,83.0,74.0,69.0,64.0,64.0,62.5,51.5,80.0,25.0,51.5,57.5,65.0,74.0,78.5,78.5,62.0,0.0,56.5,67.0,33.0,49.5
Rhode Island,2014,10.7,0.0,75.5,94.0,82.5,39.0,81.0,84.5,0.0,0.0,75.5,0.0,59.5,79.5,40.5,0.0,24.0,0.0,0.0,70.0,76.5,84.0,84.0,0.0,0.0,37.5,0.0,23.5,0.0
South Carolina,2014,15.6,0.0,60.5,73.0,72.5,36.5,68.5,72.0,0.0,89.5,75.0,0.0,51.5,63.5,33.0,0.0,16.0,50.5,0.0,61.5,75.0,70.0,70.0,63.0,0.0,45.5,0.0,24.0,59.0
South Dakota,2014,16.5,0.0,89.5,86.0,95.5,74.0,85.5,94.0,0.0,0.0,86.5,0.0,0.0,67.5,80.0,0.0,46.5,0.0,0.0,69.5,0.0,86.0,86.0,0.0,0.0,67.5,0.0,64.5,0.0
Tennessee,2014,14.5,0.0,75.5,76.5,51.5,48.5,71.5,71.0,0.0,82.0,70.5,60.5,61.5,62.0,37.5,55.5,25.0,55.0,73.5,58.0,64.0,72.5,72.5,59.0,0.0,49.5,0.0,25.5,55.0
Texas,2014,12.1,69.0,50.5,64.5,62.0,30.5,63.5,64.0,76.0,65.5,63.0,63.5,51.5,52.0,36.5,54.0,27.5,61.5,60.5,63.5,72.5,70.5,70.5,49.0,72.5,47.5,50.0,20.5,38.0
Utah,2014,19,0.0,71.0,77.5,62.5,96.5,70.0,83.0,0.0,87.5,81.5,0.0,77.0,80.5,71.5,78.0,35.0,64.5,0.0,79.0,74.0,83.0,83.0,100.0,0.0,87.5,80.5,44.5,100.0
Vermont,2014,19.8,0.0,75.0,99.0,77.0,0.0,80.0,96.5,0.0,0.0,67.0,0.0,0.0,86.0,61.0,0.0,24.5,0.0,0.0,74.5,0.0,99.0,99.0,0.0,0.0,51.5,0.0,0.0,0.0
Virginia,2014,13.5,44.5,40.0,54.5,42.0,32.0,53.0,51.5,0.0,66.0,48.0,58.5,43.5,48.0,26.5,54.0,17.5,44.5,53.5,46.5,52.0,57.5,57.5,42.0,0.0,39.0,57.5,23.0,40.5
Washington,2014,15.9,67.5,62.5,74.0,47.0,37.0,70.0,69.5,0.0,89.0,61.0,85.0,61.0,61.0,57.5,70.0,27.0,67.0,88.0,67.5,61.5,80.0,80.0,61.0,0.0,59.0,100.0,33.0,42.5
West Virginia,2014,19.4,0.0,89.5,91.5,92.0,68.0,100.0,96.0,0.0,0.0,97.0,0.0,66.0,88.5,63.5,0.0,11.5,92.5,0.0,81.0,100.0,85.5,85.5,0.0,0.0,57.0,0.0,36.0,0.0
Wisconsin,2014,13.4,0.0,67.5,79.0,74.5,60.0,67.5,76.5,0.0,72.0,73.0,65.0,71.0,60.5,50.5,47.0,21.5,53.0,63.0,61.0,67.5,72.5,72.5,78.5,0.0,54.0,0.0,32.5,49.0
Wyoming,2014,20.5,0.0,100.0,86.5,93.0,0.0,75.0,100.0,0.0,0.0,92.0,0.0,0.0,97.5,51.0,0.0,71.0,0.0,0.0,100.0,0.0,100.0,100.0,0.0,0.0,0.0,0.0,0.0,0.0
Alabama,2015,15.4,0.0,64.0,73.5,74.5,43.5,76.5,77.5,0.0,67.0,85.5,0.0,81.5,59.0,46.0,0.0,20.0,65.0,62.5,71.5,72.5,66.0,66.0,50.0,0.0,50.0,0.0,32.5,84.0
Alaska,2015,27.2,0.0,67.5,78.5,55.5,82.5,93.0,76.5,0.0,0.0,83.0,0.0,0.0,80.5,37.5,0.0,70.5,0.0,0.0,93.5,0.0,90.0,90.0,0.0,0.0,92.0,0.0,100.0,0.0
Arizona,2015,18.7,93.5,54.0,76.5,59.0,38.5,79.5,71.5,0.0,59.5,70.0,80.0,72.0,64.5,36.0,79.5,16.5,58.0,95.0,82.0,77.0,74.0,74.0,71.0,0.0,61.0,81.5,32.0,62.5
Arkansas,2015,19.4,0.0,74.0,81.0,86.0,57.0,85.0,87.5,0.0,0.0,100.0,0.0,54.0,71.5,34.5,0.0,35.5,81.5,0.0,75.0,85.5,69.0,69.0,0.0,0.0,69.5,0.0,44.0,0.0
California,2015,10.7,40.0,45.5,70.0,60.0,35.5,78.0,65.0,100.0,59.0,62.5,65.0,55.0,53.0,28.5,71.5,15.0,46.0,54.5,72.0,64.0,70.0,70.0,48.0,98.5,53.5,54.5,27.0,52.0
Colorado,2015,20,82.0,60.0,73.0,59.5,61.5,76.0,69.0,0.0,70.0,72.5,75.0,63.5,61.5,38.5,94.5,16.5,56.0,59.5,76.0,71.5,71.5,71.5,80.5,0.0,71.0,90.5,46.0,66.5
Connecticut,2015,10.7,0.0,62.5,86.5,81.5,41.0,87.5,79.5,0.0,58.0,65.0,0.0,66.5,49.5,30.0,86.0,18.0,36.5,49.5,68.5,73.0,68.5,68.5,67.0,0.0,54.0,0.0,38.0,47.0
Delaware,2015,12.9,0.0,58.5,86.0,77.0,0.0,94.0,83.0,0.0,0.0,66.5,0.0,0.0,70.0,56.5,0.0,44.0,0.0,0.0,71.0,0.0,76.5,76.5,0.0,0.0,52.5,0.0,0.0,0.0
District of Columbia,2015,5.1,0.0,49.0,74.0,40.5,48.5,68.0,58.0,0.0,0.0,48.0,0.0,45.0,42.5,28.0,0.0,16.5,40.5,39.0,62.0,61.5,68.0,68.0,0.0,0.0,53.0,65.5,36.5,44.5
Florida,2015,15.8,52.5,49.5,67.5,54.0,37.5,70.5,60.0,67.0,49.0,62.5,65.0,56.0,48.0,34.0,64.0,15.5,58.0,48.0,57.5,61.5,61.0,61.0,44.0,0.0,46.5,63.5,22.5,49.0
Georgia,2015,12.9,52.0,51.0,69.5,53.0,44.5,70.0,65.5,0.0,57.0,69.0,78.0,53.0,50.5,43.0,55.5,12.5,56.0,66.0,61.0,64.5,60.5,60.5,43.5,0.0,49.5,63.0,23.5,60.5
Idaho,2015,21.7,0.0,75.5,83.5,76.0,66.5,90.5,88.5,0.0,0.0,89.0,0.0,92.0,68.0,46.0,0.0,22.0,100.0,0.0,92.0,82.5,75.0,75.0,0.0,0.0,100.0,0.0,61.5,0.0
Illinois,2015,10.6,51.0,53.5,75.5,61.0,47.5,76.0,68.0,74.0,63.5,67.0,72.5,55.5,54.0,34.5,76.5,16.0,51.5,51.0,64.0,66.5,66.0,66.0,54.5,0.0,55.5,61.0,31.0,71.5
Indiana,2015,14.5,0.0,67.0,80.5,90.5,52.5,85.0,84.5,0.0,82.0,86.5,94.5,67.0,69.5,46.0,75.0,33.0,59.5,55.5,74.0,68.5,71.0,71.0,89.5,0.0,66.5,0.0,47.0,89.0
Iowa,2015,13.9,0.0,68.0,84.0,92.5,86.0,81.5,85.0,0.0,66.5,91.0,0.0,79.5,58.0,44.0,0.0,13.5,41.0,0.0,73.5,73.5,71.0,71.0,100.0,0.0,58.5,0.0,46.0,0.0
Kansas,2015,16.4,0.0,50.0,63.0,63.5,47.5,67.0,64.0,0.0,70.0,67.5,0.0,54.0,55.5,29.0,0.0,26.0,66.0,95.0,60.0,47.5,58.0,58.0,60.0,0.0,55.0,0.0,32.5,66.0
Kentucky,2015,17.5,0.0,67.5,84.5,65.5,55.5,84.5,77.0,0.0,58.0,78.0,81.5,68.5,62.0,39.5,0.0,32.0,77.0,84.0,74.5,70.5,70.5,70.5,81.5,0.0,59.0,0.0,36.5,81.0
Louisiana,2015,15.5,0.0,57.5,78.5,65.0,41.0,79.5,72.0,0.0,62.5,74.5,0.0,55.5,54.5,37.5,0.0,16.5,78.0,51.5,68.5,77.0,64.0,64.0,0.0,0.0,48.5,0.0,28.5,61.5
Maine,2015,17.7,0.0,71.0,98.5,75.0,94.0,95.0,90.0,0.0,0.0,80.5,0.0,68.0,66.5,31.5,0.0,24.5,0.0,0.0,87.5,60.0,73.0,73.0,0.0,0.0,73.0,0.0,44.0,0.0
Maryland,2015,9.2,0.0,58.0,77.5,71.5,46.0,79.5,74.5,0.0,58.5,64.5,64.5,55.0,56.0,28.5,71.0,20.5,41.0,51.0,64.5,62.0,66.5,66.5,49.0,0.0,52.5,78.5,45.5,47.5
Massachusetts,2015,9.5,0.0,57.0,82.5,55.0,61.5,83.5,72.5,0.0,54.5,59.5,56.5,54.0,50.5,39.5,71.5,10.5,25.0,41.5,63.0,54.5,64.0,64.0,40.5,0.0,44.0,71.5,34.0,76.0
Michigan,2015,14.2,64.5,60.0,81.0,66.5,69.0,80.0,75.0,0.0,57.5,75.0,91.5,66.5,58.5,40.0,72.5,14.5,54.0,79.0,69.5,70.0,66.5,66.5,71.0,0.0,61.0,68.5,34.0,61.5
Minnesota,2015,13.3,0.0,65.5,84.0,64.5,66.0,79.0,78.0,0.0,52.0,71.0,68.5,63.5,57.0,33.0,59.5,12.5,48.5,69.0,66.5,61.5,64.5,64.5,84.5,0.0,59.0,68.5,39.0,51.5
Mississippi,2015,14.4,0.0,62.0,79.0,92.5,49.5,90.5,82.5,0.0,0.0,87.5,0.0,60.0,60.0,29.0,0.0,20.0,34.0,0.0,69.5,73.0,63.0,63.0,0.0,0.0,40.0,0.0,29.0,0.0
Missouri,2015,17.3,0.0,61.0,78.0,66.0,47.5,77.0,75.0,0.0,55.0,76.0,69.5,61.0,57.0,32.5,53.5,18.0,57.0,60.5,66.5,70.0,66.0,66.0,48.5,0.0,74.5,59.0,33.0,62.0
Montana,2015,26.3,0.0,87.0,86.0,70.5,71.5,88.5,82.5,0.0,0.0,80.5,0.0,0.0,100.0,31.5,0.0,70.5,0.0,0.0,90.5,0.0,81.0,81.0,0.0,0.0,95.0,0.0,65.0,0.0
Nebraska,2015,11.8,0.0,66.0,78.0,68.0,66.0,74.0,74.5,0.0,0.0,82.0,0.0,67.5,59.0,30.0,0.0,6.5,44.0,0.0,77.0,71.0,73.5,73.5,0.0,0.0,67.5,0.0,49.0,0.0
Nevada,2015,19.3,0.0,48.0,70.5,72.5,39.5,84.0,61.5,0.0,41.5,74.0,0.0,63.0,66.5,35.0,84.0,29.0,77.5,67.0,91.5,100.0,78.5,78.5,71.5,0.0,62.5,0.0,34.5,0.0
New Hampshire,2015,17.1,0.0,54.0,90.5,67.0,90.0,91.0,83.5,0.0,0.0,78.5,0.0,69.0,61.5,55.0,0.0,11.5,83.0,0.0,70.5,68.5,72.0,72.0,0.0,0.0,63.0,0.0,50.0,0.0
New Jersey,2015,8.8,0.0,53.0,76.0,82.5,40.0,83.5,71.0,88.5,62.0,67.5,72.5,60.5,55.0,27.5,92.0,13.5,40.5,50.5,62.0,59.0,68.0,68.0,45.5,0.0,44.5,59.5,30.0,68.0
New Mexico,2015,24,0.0,62.0,81.5,76.0,76.0,94.5,79.0,0.0,0.0,80.0,0.0,67.0,64.5,37.5,0.0,23.5,82.0,0.0,89.0,75.5,79.5,79.5,0.0,0.0,66.0,0.0,51.0,0.0
New York,2015,8.4,15.0,49.5,74.5,59.0,45.5,77.0,65.0,74.5,50.0,57.0,62.0,53.0,48.5,27.0,73.0,10.5,36.0,44.0,61.0,62.0,63.5,63.5,41.0,64.0,47.0,63.5,27.5,59.0
North Carolina,2015,14,81.5,55.0,74.0,66.0,46.0,76.0,73.0,0.0,59.0,73.5,70.0,56.5,56.0,44.0,57.0,14.5,63.0,51.0,64.5,65.5,63.0,63.0,49.5,0.0,49.0,67.5,33.5,65.0
North Dakota,2015,16.4,0.0,92.5,96.5,73.5,0.0,87.0,89.5,0.0,0.0,84.5,0.0,0.0,66.0,94.0,0.0,49.0,0.0,0.0,80.0,0.0,76.0,76.0,0.0,0.0,52.0,0.0,63.5,0.0
Ohio,2015,14.2,56.0,62.5,82.0,69.0,66.5,86.0,76.5,0.0,64.5,78.5,76.5,71.0,60.0,40.5,82.0,18.5,67.0,66.0,68.5,73.0,68.5,68.5,67.0,0.0,67.5,75.5,38.5,73.0
Oklahoma,2015,20.2,0.0,61.5,75.5,55.0,47.5,77.5,66.5,0.0,43.5,73.0,0.0,62.0,54.5,45.0,0.0,16.5,69.5,77.0,70.5,74.0,67.5,67.5,0.0,0.0,53.5,0.0,29.0,74.5
Oregon,2015,18.9,0.0,30.5,38.5,34.5,20.5,40.5,35.5,0.0,32.5,35.0,44.0,36.5,31.0,27.5,33.0,16.0,40.0,79.5,41.0,36.0,38.5,38.5,37.0,0.0,36.5,39.0,17.5,37.5
Pennsylvania,2015,14.8,64.0,63.0,85.0,64.0,59.5,85.0,77.5,72.0,63.5,71.5,74.0,68.5,58.0,29.5,84.0,15.5,50.0,74.0,69.5,69.5,69.5,69.5,58.5,0.0,56.5,75.5,37.0,68.0
Rhode Island,2015,12,0.0,74.0,96.0,85.5,58.0,86.5,82.0,0.0,0.0,78.0,0.0,79.5,60.5,63.0,0.0,37.0,0.0,0.0,81.5,60.5,74.0,74.0,0.0,0.0,54.0,0.0,30.0,0.0
South Carolina,2015,15.2,0.0,55.5,74.0,64.5,48.5,76.0,70.5,0.0,62.0,77.5,0.0,56.5,57.5,65.0,0.0,21.5,55.0,0.0,69.5,69.0,62.5,62.5,47.0,0.0,46.0,0.0,26.5,59.5
South Dakota,2015,20.2,0.0,82.5,91.0,94.0,99.0,79.0,91.0,0.0,0.0,91.5,0.0,0.0,77.5,91.5,0.0,0.0,0.0,0.0,93.5,0.0,82.0,82.0,0.0,0.0,73.0,0.0,79.0,0.0
Tennessee,2015,16.2,0.0,66.0,78.5,52.5,53.5,77.0,71.0,0.0,56.5,72.0,64.5,65.0,58.5,42.5,61.0,20.0,59.5,54.5,66.0,73.0,64.0,64.0,49.0,0.0,57.0,0.0,28.5,69.5
Texas,2015,12.4,50.5,46.0,65.5,62.5,37.5,69.5,63.5,71.5,56.5,64.5,61.5,55.0,51.0,30.0,61.0,16.0,66.0,55.0,66.5,69.5,63.0,63.0,45.5,88.5,51.0,55.0,26.5,52.5
Utah,2015,21,0.0,65.5,80.5,67.5,83.0,86.5,81.0,0.0,100.0,86.5,0.0,69.0,73.0,65.0,92.5,18.5,61.5,0.0,86.0,70.0,78.0,78.0,77.0,0.0,91.0,89.5,57.5,83.0
Vermont,2015,16.5,0.0,74.0,97.0,77.0,0.0,91.5,88.5,0.0,0.0,89.0,0.0,0.0,54.0,69.5,0.0,48.5,0.0,0.0,74.5,0.0,82.5,82.5,0.0,0.0,68.0,0.0,0.0,0.0
Virginia,2015,13.3,30.0,32.0,49.0,39.5,29.0,53.0,45.5,0.0,46.0,46.0,45.5,38.0,42.0,17.0,47.5,11.0,36.5,36.5,45.0,43.0,45.5,45.5,32.5,0.0,35.5,52.0,24.0,44.5
Washington,2015,15.9,76.0,58.5,73.0,50.0,45.5,76.5,68.0,0.0,58.0,64.0,83.0,60.5,52.5,40.5,84.5,17.5,67.5,81.0,70.5,54.5,69.0,69.0,62.0,0.0,60.0,91.0,37.5,63.5
West Virginia,2015,18.4,0.0,70.5,100.0,90.0,74.5,96.0,100.0,0.0,0.0,94.0,0.0,92.0,70.5,49.5,0.0,11.5,46.0,0.0,93.0,82.0,75.5,75.5,0.0,0.0,69.0,0.0,53.5,0.0
Wisconsin,2015,15.2,0.0,62.5,83.5,78.0,65.5,78.5,77.0,0.0,42.5,75.0,73.0,58.0,56.5,34.0,76.5,14.0,61.0,81.0,70.0,52.5,63.0,63.0,69.5,0.0,53.0,0.0,41.5,55.5
Wyoming,2015,26.8,0.0,81.5,84.5,100.0,0.0,84.0,94.5,0.0,0.0,94.0,0.0,0.0,84.0,58.0,0.0,74.0,0.0,0.0,96.0,0.0,100.0,100.0,0.0,0.0,0.0,0.0,0.0,0.0
