states,year,y,autoregression data,cholesterol,diabetes mellitus,diabetic,diabetic diet,endocrine,glucose,glycogen,hypertension,obesity,sclerosis,signs of diabetes,sugar level,type 1 diabetes,type 2 diabetes
Alabama,2011,11.70,13.1,55.92910184734884,29.419011922782374,66.50980774377878,72.38435154326584,34.33730467234019,73.12369921794964,42.10199306062771,53.30268781461624,31.846101404648092,31.054513915010972,43.67231019170572,0.0,47.71848040311926,60.50308691959604
Alaska,2011,7.90,5.3,50.967649264116275,20.082439276629884,47.010948445401866,0.0,33.21760995476387,70.38644844508521,38.27453914602519,41.74591036808441,27.17144431772727,28.687129446153637,0.0,0.0,37.73655338001778,58.71481834069173
Arizona,2011,9.40,9,51.1931698360814,22.372542001157854,47.545163768645075,42.16071002169168,33.590841527289314,72.34162756855979,39.85054958144976,45.75540458422811,28.047942521524924,27.155292436893006,34.83687171361497,0.0,38.22347664943737,52.455878314526615
Arkansas,2011,11.20,9.7,58.184307567000005,19.730115780548658,68.37956137512998,69.59056955387662,34.5239204586029,74.68784251672929,37.37396175435401,48.113930593724405,33.89126388017595,30.358224365347052,50.48821987480431,0.0,45.04040242131155,68.84834028781619
California,2011,8.90,8.6,44.202032105162786,18.320821796223754,33.12135004107859,23.62015681938148,22.95374171031436,61.00158865240717,33.54650783975149,33.49106933484738,22.642870264772725,20.192396940253772,30.04049082550856,80.15660995455697,31.650012512272983,42.02431160425144
Colorado,2011,6.70,6,44.87859382105814,18.67314529230498,32.58713471783538,22.604236095967227,29.485294229509503,64.12987524996652,38.49968349394299,35.84959534434367,24.980198808233133,25.901971247497944,36.60395940923312,0.0,43.09270934363322,46.19693828836151
Connecticut,2011,9.30,7.3,56.60566356324419,19.90627752858927,37.929287950267415,22.604236095967227,34.89715203112834,71.95059174386488,45.25401393147685,44.81199418042959,28.340108589457476,29.9404506355487,32.06001962050073,0.0,38.22347664943737,49.475430683019425
Delaware,2011,9.70,8.7,61.79263671844186,22.72486549723908,48.61359441513147,25.14403790450287,39.562546687696305,87.9830605563565,42.7774261043811,59.43485543930662,39.73458523882698,33.5611562938011,55.032159663536696,0.0,44.55347915189197,67.95420599836403
District of Columbia,2011,9.10,8.3,49.38900526036047,15.678395575614559,31.78581173297058,20.826374829992275,25.19313114546698,50.834657210339316,25.891600010546455,38.91567915668885,24.980198808233133,24.09161841837174,38.62348820422529,0.0,28.485011261045685,35.76537157808633
Florida,2011,10.40,10.4,52.77181383983721,23.605674237442145,43.53854884432105,33.779364053524056,30.04514158829766,66.47609019813602,38.27453914602519,43.63273117568144,22.204621162873895,24.64865005810288,35.08931281298899,92.30155085676256,33.84116722466111,42.91844589370359
Georgia,2011,10.10,9.7,48.486922972500004,17.616174804061302,44.33987182918585,36.82712622376683,32.65776259597572,62.56573195118685,32.420786100162516,41.98176296903404,26.294946113929615,23.39532886870782,42.91498689358366,106.87547993940929,32.62385905111215,43.81258018315575
Idaho,2011,9.40,8,50.967649264116275,25.7196152139295,49.94913272323949,48.256234362177224,34.33730467234019,81.72648736123783,60.11354089405133,46.698814988026626,37.105090627434016,30.91525600507819,50.740660974178326,0.0,49.90963511550739,50.36956497247158
Illinois,2011,9.70,8.7,48.486922972500004,18.849307040345593,38.99771859675382,27.683839713038513,23.14035749657708,62.56573195118685,32.420786100162516,39.85908956048738,24.83411577426686,26.18048706736351,38.62348820422529,91.49188812994886,37.249630110598204,43.81258018315575
Indiana,2011,10.20,9.8,55.92910184734884,25.543453465888888,51.551778692969094,44.44653164937376,39.74916247395902,84.46373813410224,43.00257045229889,46.227109786127365,35.79034332173754,30.63674018521262,42.41010469483562,0.0,49.422711846087815,62.88744502480179
Iowa,2011,8.20,7.5,52.09525212394186,25.543453465888888,51.551778692969094,41.39876947913099,32.65776259597572,77.03405746489881,40.30083827728535,48.349783194674025,34.329512982074775,29.244161085884773,45.691838986697896,0.0,44.310017517182175,51.859788788225174
Kansas,2011,9.50,8.4,54.80149898752326,23.605674237442145,49.682025061617885,40.38284875571673,32.84437838223843,74.29680669203438,46.604880018983614,45.28369938232885,30.385271064985332,29.383418995817557,50.48821987480431,0.0,47.96194203782906,55.73437070918453
Kentucky,2011,10.70,10,53.673896127697674,27.128909198254405,61.96897749621155,51.05001635156643,32.65776259597572,75.46991416611912,37.599106102271804,50.47245660322069,34.037346914142226,33.42189838386831,46.954044483568005,0.0,39.927708092405915,53.35001260397877
Louisiana,2011,11.80,10.3,54.80149898752326,29.947497166904213,56.89393192540113,64.25698575595177,33.96407309981475,73.90577086733946,41.20141566895653,51.415867007019216,30.677437132917884,29.9404506355487,42.41010469483562,0.0,35.545398667629655,51.26369926192374
Maine,2011,9.60,8.7,60.43951328665116,24.662644725685823,48.88070207675308,39.8748883940096,39.93577826022173,80.55337988715307,32.420786100162516,49.529046199422176,33.5990978122434,36.20705658252401,34.07954841549291,0.0,38.953861553566746,57.52263928808884
Maryland,2011,9.40,9.3,53.899416699662794,22.19638025311724,42.203010536213036,28.19180007474564,38.81608354264542,79.38027241306831,40.30083827728535,51.18001440606958,34.329512982074775,30.218966455414265,36.60395940923312,0.0,41.87540117008425,50.6676097356223
Massachusetts,2011,8.00,7.4,50.065566976255816,18.496983544264367,33.12135004107859,21.842295553406533,29.671910015772223,70.38644844508521,37.8242504501896,41.03835256523552,26.73319521582844,30.91525600507819,30.29293192488258,69.63099450597878,36.76270684117862,46.19693828836151
Michigan,2011,10.00,10.2,49.16348468839536,25.543453465888888,45.67541013729386,35.557225319499004,29.485294229509503,70.38644844508521,39.40026088561417,45.75540458422811,30.385271064985332,30.358224365347052,42.15766359546159,95.13537040061054,37.98001501472758,51.26369926192374
Minnesota,2011,7.30,6.7,48.03588182856977,22.548703749198467,39.53193391999703,26.413938808770688,28.92544687072135,72.73266339325471,38.27453914602519,42.92517337283255,27.025361283760994,26.73751870709465,37.36128270735519,0.0,40.4146313618255,46.79302781466295
Mississippi,2011,12.30,12.3,64.49888358202325,38.40326107285364,66.24270008215719,66.79678756448742,43.294862412950664,82.89959483532257,50.657478281503934,58.01973983360884,43.24057805401759,33.839672113666666,72.19815442097016,0.0,41.631939535374464,62.29135549850036
Missouri,2011,10.20,9.4,51.1931698360814,26.071938710010727,50.21624038486109,40.12886857486316,30.791604733348535,75.07887834142421,40.75112697312094,47.406372790875515,29.654855895153958,29.801192725615913,37.613723806729205,87.44357449588033,48.20540367253885,57.22459452493813
Montana,2011,7.90,7,59.98847214272094,37.698614080691186,51.01756336972589,40.12886857486316,32.097915237187564,81.72648736123783,60.78897393780472,45.047846781379214,35.49817725380498,33.42189838386831,0.0,0.0,58.43079233035012,61.09917644589748
Nebraska,2011,8.40,7.7,53.44837555573256,32.06143814339157,48.88070207675308,33.779364053524056,33.21760995476387,77.03405746489881,50.20718958566834,49.057340997522914,33.160848710344574,27.433808256758574,53.51751306729257,0.0,47.47501876840947,52.455878314526615
Nevada,2011,10.30,8.4,51.418690408046515,21.844056757036014,42.470118197834644,33.779364053524056,31.35145209213669,61.392624477102096,33.54650783975149,38.208121353839964,22.642870264772725,24.09161841837174,36.09907721048508,0.0,35.30193703291987,44.40866970945719
New Hampshire,2011,8.70,7.9,56.60566356324419,20.96324801683295,45.14119481405066,30.47762170242772,34.15068888607747,74.29680669203438,40.75112697312094,40.56664736333626,33.160848710344574,31.333029734876543,30.545373024256605,0.0,46.014248960150724,53.051967840828056
New Jersey,2011,8.80,9.2,53.22285498376745,20.610924520751723,38.19639561188902,26.921899170477822,28.365599511933194,69.60437679569537,36.92367305851842,42.217615569983664,26.587112181862167,27.294550346825787,32.31246071987475,108.08997402962984,33.84116722466111,46.49498305151223
New Mexico,2011,10.00,8.5,59.98847214272094,34.52770261596015,60.36633152648194,50.79603617071287,36.94992568001824,86.41891725757684,44.80372523564125,55.89706642506217,31.700018370681814,31.054513915010972,39.12837040297333,0.0,44.066555882472386,67.95420599836403
New York,2011,10.30,8.9,44.653073249093026,17.44001305602069,32.58713471783538,21.08035501084584,27.432520580619602,55.91812293137324,31.069920012655743,36.55715314719256,22.49678723080645,24.509392148170097,32.06001962050073,86.22908040565977,27.511164722206512,37.851684920141366
North Carolina,2011,10.70,9.8,53.44837555573256,20.787086268792336,46.74384078378027,38.351007308888214,43.10824662668795,65.30298272405126,37.599106102271804,46.698814988026626,30.385271064985332,28.130097806422494,39.12837040297333,99.99334676149277,35.30193703291987,47.38911734096438
North Dakota,2011,8.30,7.5,64.04784243809303,49.853774695493485,54.75707063242831,0.0,51.31934122224756,108.31692344049222,45.929446975230235,66.98213866969476,39.0041700689956,35.928540762658436,71.18839002347407,0.0,69.38656589229078,86.13493655055791
Ohio,2011,10.00,10.1,52.09525212394186,22.020218505076627,47.27805610702347,39.11294785144891,30.791604733348535,73.12369921794964,39.625405233531964,46.227109786127365,29.508772861187676,30.91525600507819,45.18695678794985,98.77885267127222,39.197323188276535,53.35001260397877
Oklahoma,2011,11.10,10.4,54.57597841555815,25.543453465888888,60.63343918810355,55.11369924522346,28.552215298195915,79.77130823776322,40.30083827728535,45.519551983278475,28.632274657390024,29.104903175951993,40.643016999217465,0.0,43.336170978343006,60.80113168274676
Oregon,2011,9.30,7.1,52.77181383983721,20.43476277271111,44.874087152429055,30.731601883281286,25.939594290517856,65.30298272405126,38.49968349394299,40.094942161437,27.609693419626097,27.016034526960222,29.283167527386496,0.0,36.27578357175903,52.455878314526615
Pennsylvania,2011,9.50,10.3,52.77181383983721,23.42951248940153,43.53854884432105,30.47762170242772,29.11206265698407,72.73266339325471,38.94997218977858,49.29319359847255,28.924440725322576,30.07970854548148,43.16742799295768,89.87256267632145,38.22347664943737,49.177385919868705
Rhode Island,2011,8.40,7.8,58.86086928289535,17.263851307980076,38.46350327351062,29.2077207981599,32.84437838223843,73.90577086733946,32.645930448080314,44.34028897853033,33.89126388017595,31.7508034646749,22.972140043035957,0.0,27.267703087496724,47.68716210411511
South Carolina,2011,12.00,10.7,52.546293267872095,24.662644725685823,52.8873170010771,46.986333457909396,36.016846748704644,72.34162756855979,36.92367305851842,45.99125718517774,32.28435050654692,29.522676905750345,47.711367781690065,0.0,42.11886280479404,51.561744025074454
South Dakota,2011,9.40,6.9,67.65617158953489,38.755584568934864,65.44137709729237,16.254731574628117,41.80193612284892,114.18246081091598,54.71007654402425,63.44434965545032,42.80232895211876,38.15666732158299,0.0,0.0,51.126943289056356,70.04051934041905
Tennessee,2011,11.20,11.3,59.5374309987907,24.662644725685823,63.57162346594116,64.51096593680535,38.06962039759455,81.72648736123783,40.97627132103874,58.4914450355081,32.86868264241202,32.30783510440603,45.691838986697896,121.44940902205602,43.579632613052794,58.416773577541
Texas,2011,10.20,9.7,47.133799540709305,19.730115780548658,43.53854884432105,36.06518568120614,32.65776259597572,60.219517003017344,30.169342620984562,38.679826555739226,20.597707789244865,22.977555138909466,37.36128270735519,99.18368403467908,29.945781069304438,42.62040113055287
Utah,2011,6.60,6.5,49.61452583232558,22.020218505076627,43.00433352107785,32.509463149256234,27.05928900809417,73.51473504264455,56.9615200232022,42.217615569983664,33.306931744310845,30.358224365347052,39.8856937010954,0.0,43.82309424776259,56.330460235485965
Vermont,2011,7.70,6.8,56.60566356324419,16.206880819736398,45.14119481405066,0.0,32.28453102345028,80.94441571184798,51.332911325257314,46.698814988026626,40.90324951055718,41.220341340104255,0.0,0.0,50.15309675021719,50.96565449877302
Virginia,2011,10.40,8.6,52.77181383983721,18.849307040345593,41.66879521296984,33.01742351096336,24.446668000416107,65.30298272405126,36.47338436268283,42.217615569983664,26.87927824979472,25.762713337565156,39.63325260172138,98.37402130786536,34.3280904940807,46.49498305151223
Washington,2011,8.90,7.6,45.78067610891861,17.616174804061302,38.730610935132226,27.683839713038513,23.3269732828398,68.04023349691569,35.34766262309385,36.0854479452933,23.811534536502933,25.762713337565156,32.31246071987475,51.41358315267038,36.03232193704924,46.19693828836151
West Virginia,2011,12.00,11.7,58.86086928289535,34.175379119878926,80.13229848648045,69.33658937302306,37.883004611331835,93.06652627739042,53.80949915235307,68.1614016744429,40.46500040865835,36.62483031232236,44.429633489827786,0.0,63.30002502454597,52.455878314526615
Wisconsin,2011,8.40,7.1,52.546293267872095,23.42951248940153,43.53854884432105,27.937819893892076,33.40422574102659,73.12369921794964,38.49968349394299,43.16102597378218,31.115686234816714,30.218966455414265,41.400340297339525,0.0,41.87540117008425,54.24414689343093
Wyoming,2011,8.20,7.2,57.50774585110465,20.43476277271111,53.42153232432031,0.0,29.29867844324679,95.41274122555994,45.25401393147685,55.89706642506217,38.27375489916422,37.46037777191907,0.0,0.0,39.684246457696126,73.02096697192626
Alabama,2012,12.20,11.7,54.72642792808814,26.43720462713108,59.878481568797426,57.33202306790489,34.23882560440554,71.55411753230321,43.939689346850464,48.53463422151613,28.927972369772135,35.567869397482646,56.714634238639725,0.0,50.42432864330992,65.40165788291031
Alaska,2012,6.90,7.9,40.94195172063737,17.785028567342728,41.43590924560782,0.0,40.321865686406525,72.78075954714268,42.11970221414068,41.60111504701382,26.07591875585094,25.334306974347292,0.0,0.0,48.89631868442174,61.554501536856755
Arizona,2012,10.70,9.4,52.05182806694098,21.95089111464823,45.02861813973566,34.1415418269546,34.06502445920551,75.23404357682165,39.51972059598385,44.143405410998,25.261046294730598,28.32949597624057,46.09476248877491,0.0,43.03894717535039,59.48295581205869
Arkansas,2012,11.20,11.2,59.0469353960951,25.315626249010368,63.231676536650085,60.123469883945205,33.02221758800535,80.95837297940591,47.059667288638664,50.84580727968356,30.286093138306036,35.942268022719304,51.96958515891289,0.0,45.58563044016402,64.51385257228257
California,2012,9.80,8.9,44.645243836071906,18.746381462874766,33.53194967852656,22.331574528322502,25.027364908804053,64.1942654432663,35.09975184511723,34.436478566694774,22.68061683451618,23.587113389909547,32.763434121923346,83.5060092542452,34.380224074984035,46.16587615264257
Colorado,2012,7.40,6.7,44.85098228692938,14.740744398157936,32.81340789970099,19.75485439043914,28.850990103204673,64.1942654432663,34.57975552148587,35.82318240159523,25.532670448437376,27.58069872576725,35.92680017507456,0.0,42.78427884886902,46.46181125618515
Connecticut,2012,9.10,9.3,53.903474124658246,18.90660694546344,36.16660286755365,24.049387953578083,33.3698198784054,69.91859484585055,41.85970405232499,40.21441121211336,27.977287831798407,30.575887727660525,37.7344379197324,0.0,39.98292725757403,54.15612394829225
Delaware,2012,9.60,9.7,61.31005835552732,20.3486362887615,47.18424347621237,34.570995183268494,36.15063820160585,93.6336737994139,37.959731625089745,52.46362842040077,39.92875059489675,34.07027489653601,48.12835495151498,0.0,53.22568023460492,65.40165788291031
District of Columbia,2012,8.20,9.1,47.31984369721907,12.818038607093857,31.615838268325042,19.325401034125246,24.853563763604022,51.518964623258306,22.61984007796444,36.285417013228724,22.27318060395601,25.958304683075053,42.9313964356237,0.0,32.08820913665177,42.91059001367419
Florida,2012,11.40,10.4,49.994443558366235,23.232694975357617,41.19639531933263,28.343921516717025,30.241399264804894,67.05643014455842,35.35975000693292,42.29446696446406,21.72993229654245,26.45750285005727,34.34511714849895,97.16353413227597,35.14422905442813,47.64555167035547
Georgia,2012,9.90,10.1,47.525582148076545,17.785028567342728,40.23833961423187,30.92064165460039,31.110404990805034,59.69657805552153,32.4997702269604,38.13435545976267,23.49548929563652,25.209507432601736,44.739034180281536,110.43084401379156,36.92690733979767,47.94148677389805
Idaho,2012,8.30,9.4,50.405920460081184,32.365547482911985,43.59153458208453,29.41755490750176,35.45543362080574,79.73173096456642,48.87965442134844,45.067874634264975,33.002334675373845,30.950286352897184,47.224536079186066,0.0,60.10172504960173,62.442306847484495
Illinois,2012,9.40,9.7,45.67393609035928,19.227057910640784,37.84320035147997,24.90829466620587,23.463154602003797,62.14986208520049,31.459777579697672,37.441003542312444,23.088053065076352,27.58069872576725,44.061170026034844,88.57880420894236,37.94558064572312,48.533356980983214
Indiana,2012,10.90,10.2,52.874781870370875,27.078106557485775,51.016466296615405,39.50970878087828,38.41005308920622,90.36262842650862,46.539670965007296,46.223461163348695,31.644213906839944,30.575887727660525,46.32071720685714,0.0,56.53636847886264,69.24881422896385
Iowa,2012,9.70,8.2,52.463304968655926,30.28261620925924,49.10035488641389,34.570995183268494,31.45800728120509,84.2294183523112,50.439643392242544,48.30351691569939,35.44695205873487,30.825486811151627,47.90240023343276,0.0,51.443001949235374,63.03417705456966
Kansas,2012,9.40,9.5,52.05182806694098,22.7520185275916,49.33986881268908,32.42372840169902,28.50338781280461,79.32285029295326,39.77971875779953,42.5255842702808,30.014468984599258,30.326288644169416,49.25812854192613,0.0,40.74693223701812,58.59515050143095
Kentucky,2012,10.60,10.7,53.903474124658246,26.43720462713108,56.76480052721996,52.60803614845206,33.71742216880546,76.8695662632743,42.37970037595637,48.07239960988264,31.100965599426377,33.8206758130449,58.97418141946202,0.0,49.405655337384474,61.25856643331418
Louisiana,2012,12.20,11.8,50.20018200922371,26.276979144542405,47.90278525503795,40.58334217166301,32.32701300720523,70.32747551746372,31.71977574151335,46.68569577498218,25.125234217877207,31.075085894642736,42.253532281377005,0.0,38.45491729868585,51.196772912866436
Maine,2012,9.70,9.6,60.692843002954895,23.873596905712308,47.90278525503795,34.78572186142544,33.543621023605425,81.36725365101906,43.159694861403416,48.53463422151613,30.557717292012818,32.94707902082603,38.63825679206133,0.0,41.00160056349948,48.8292920845258
Maryland,2012,10.20,9.4,53.28625877208582,20.02818532358415,40.71736746678225,27.485014804089236,39.80046225080644,78.50508894972694,41.85970405232499,48.53463422151613,32.59489844481367,30.700687269406075,42.253532281377005,0.0,43.54828382831312,59.77889091560127
Massachusetts,2012,8.40,8,49.37722820579381,18.746381462874766,32.33438004715061,19.540127712282192,28.850990103204673,71.55411753230321,39.77971875779953,39.75217660047988,25.125234217877207,30.326288644169416,37.05657376548571,75.70170932394193,39.4735906046113,47.64555167035547
Michigan,2012,10.40,10,44.645243836071906,21.95089111464823,42.154451024433385,30.70591497644344,28.155785522404557,68.2830721593979,37.699733463274065,42.5255842702808,26.34754290955772,28.828694143222776,44.061170026034844,96.7733191357608,39.98292725757403,52.67644843057934
Minnesota,2012,7.30,7.3,49.58296665665129,23.713371423123636,37.3641724989296,21.04321445938082,27.286779796404417,76.05180492004797,33.27976471240745,40.21441121211336,26.48335498641111,27.83029780925835,43.157351153705925,0.0,47.368308725533566,53.56425374120708
Mississippi,2012,12.50,12.3,55.343643280660565,36.05073358245147,67.5429272096035,51.53440275766732,47.44771263960768,90.36262842650862,42.11970221414068,64.01949371123794,36.53344867356199,34.07027489653601,62.5894569087777,0.0,50.93366529627265,65.69759298645289
Missouri,2012,10.70,10.2,50.20018200922371,20.98953821911619,46.465701697386805,35.42990189589628,26.93917750600436,74.82516290520849,39.51972059598385,41.832232352830566,25.940106678997548,29.078293226713885,50.16194741425505,95.6026741462153,45.58563044016402,53.860188844749665
Montana,2012,7.20,7.9,54.93216637894562,27.719008487840465,44.54959028718529,34.570995183268494,31.284206136005064,90.77150909812177,58.23958824671304,44.60564002263148,31.50840182998655,30.201489102423864,0.0,0.0,52.20700692867946,58.299215397888375
Nebraska,2012,8.10,8.4,52.05182806694098,26.276979144542405,47.18424347621237,31.564821689071234,31.63180842640512,81.36725365101906,48.61965625953276,47.8412823040659,32.45908636796028,30.326288644169416,49.71003797809059,0.0,53.48034856108628,62.14637174394192
Nevada,2012,8.90,10.3,49.17148975493634,17.9452540499314,41.43590924560782,28.558648194873975,30.067598119604867,60.51433939874785,33.539762874223136,40.21441121211336,23.631301372489915,27.455899184021693,37.7344379197324,0.0,30.305530851282224,51.196772912866436
New Hampshire,2012,9.10,8.7,55.13790482980309,21.30998918429354,44.310076360910095,28.343921516717025,33.19601873320537,76.05180492004797,48.09965993590139,43.21893618773103,31.644213906839944,32.697479937334926,47.224536079186066,0.0,48.64165035794038,55.04392925891999
New Jersey,2012,9.30,8.8,54.314951026373194,20.50886177135017,37.124658572654404,25.337748022519765,28.850990103204673,70.32747551746372,34.839753683301545,40.21441121211336,26.34754290955772,29.951890018932758,34.11916243041673,107.69933903818541,39.218922278129945,50.60490270578128
New Mexico,2012,10.20,10,56.16659708409046,27.238332040074447,55.56723089584401,36.718261964837964,35.28163247560571,88.31822506844281,48.87965442134844,50.61468997386682,32.1874622142535,31.324684978133842,50.613856850419516,0.0,43.54828382831312,74.87158119627288
New York,2012,9.70,10.3,45.4681976395018,17.144126636988034,32.09486612087542,19.75485439043914,27.98198437720453,58.878816712295205,33.539762874223136,36.05429970741198,23.088053065076352,26.707101933548373,33.893207712334494,88.57880420894236,33.61621909553995,42.318719806589016
North Carolina,2012,10.40,10.7,51.02313581265361,20.82931273652752,44.54959028718529,32.853181758012916,40.495666831606556,71.96299820391636,44.97968199411319,42.29446696446406,28.792160292918748,28.07989689274946,42.253532281377005,100.67546910091245,43.54828382831312,54.747994155377405
North Dakota,2012,8.60,8.3,56.783812436662885,39.89614516457963,54.13014733819287,0.0,47.273911494407656,97.31359984393235,63.69954964484239,51.77027650295054,31.91583806054672,37.19026344017484,61.233728600284316,0.0,64.94042325274762,79.31060774941159
Ohio,2012,11.60,10,52.463304968655926,24.354273353478327,49.81889666523946,37.57716867746576,30.067598119604867,78.09620827811378,43.4196930232191,48.07239960988264,28.384724062358575,31.823883145116053,47.450490797268294,104.18740406954893,45.076293787201294,59.48295581205869
Oklahoma,2012,11.40,11.1,53.69773567380077,30.122390726670563,59.878481568797426,52.39330947029511,31.63180842640512,82.18501499424539,53.559621334030744,44.143405410998,29.063784446625522,32.57268039558937,50.38790213233728,0.0,51.188333622754016,65.99352808999546
Oregon,2012,9.90,9.3,52.05182806694098,20.98953821911619,44.54959028718529,28.988101551187867,27.98198437720453,71.55411753230321,39.51972059598385,40.21441121211336,28.24891198550518,27.455899184021693,37.05657376548571,0.0,45.33096211368266,56.22766967309031
Pennsylvania,2012,10.20,9.5,53.69773567380077,22.591793045002923,43.35202065580934,28.343921516717025,28.850990103204673,77.68732760650062,39.51972059598385,48.99686883314962,27.841475754945012,31.699083603370504,47.90240023343276,99.89503910788211,42.2749421959063,53.2683186376645
Rhode Island,2012,9.70,8.4,55.96085863323299,22.431567562414248,40.71736746678225,37.14771532115186,31.63180842640512,80.54949230779275,33.01976655059177,41.369997741197075,35.44695205873487,32.32308131209827,31.181751095347735,0.0,45.58563044016402,67.47320360770837
South Carolina,2012,11.60,12,53.69773567380077,23.232694975357617,51.49549414916579,45.736782447429746,36.672041637205936,77.68732760650062,33.27976471240745,46.45457846916543,31.50840182998655,28.828694143222776,52.19553987699512,0.0,48.38698203145902,58.003280294345785
South Dakota,2012,7.80,9.4,56.57807398580541,47.747193811424616,61.31556512644856,15.24559414914325,45.7097011876074,122.66420148394835,61.8795625121326,62.40167257052074,38.97806605692302,35.19347077224599,0.0,0.0,73.59914635311398,79.90247795649675
Tennessee,2012,12.00,11.2,55.755120182375514,26.597430109719756,59.63896764252224,47.66932255084227,36.32443934680588,78.9139696213401,36.13974449237997,55.23703609020169,27.43403952438484,33.44627718780824,46.7726266430216,111.2112740068219,44.82162546071993,66.8813334006232
Texas,2012,10.60,10.2,46.085412992074225,20.3486362887615,43.11250672953415,31.994275045385127,33.71742216880546,63.78538477165314,34.319757359670184,37.441003542312444,19.964375297448374,24.710309265619525,42.253532281377005,104.96783406257926,35.398897380909496,47.94148677389805
Utah,2012,7.20,6.6,46.085412992074225,22.111116597236904,40.956881393057444,25.55247470067671,27.460580941604444,76.05180492004797,51.47963603950527,40.90776312956359,30.69352936886621,27.08150055878503,45.86880777069268,0.0,53.98968521404901,62.14637174394192
Vermont,2012,7.20,7.7,56.372335534947936,18.746381462874766,37.3641724989296,0.0,35.10783133040568,89.13598641166914,67.59952207207763,45.29899194008171,39.38550228748319,34.07027489653601,0.0,0.0,49.1509870109031,76.05532161044322
Virginia,2012,10.50,10.4,54.10921257551572,20.98953821911619,42.87299280325896,29.847008263815656,26.765376360804332,71.55411753230321,39.25972243416817,40.21441121211336,27.298227447531453,27.83029780925835,41.575668127130314,99.11460911485179,40.74693223701812,53.860188844749665
Washington,2012,8.70,8.9,44.85098228692938,16.342999224044668,36.64563072010402,22.546301206479452,24.332160328003937,65.01202678649263,35.09975184511723,33.743126649244545,21.32249606598228,24.835108807365074,35.474890738910105,75.70170932394193,42.02027386942493,47.64555167035547
West Virginia,2012,13.00,12,61.10431990466984,35.409831652096784,71.61466395628173,64.41800344708415,36.32443934680588,98.54024185877184,53.03962501039938,67.94848791012258,37.89156944209589,35.567869397482646,52.64744931315958,0.0,55.008358519974465,71.02442485021933
Wisconsin,2012,8.30,8.4,48.965751304078864,23.55314594053496,43.11250672953415,26.4113814133045,30.241399264804894,74.82516290520849,40.039716919615216,39.28994198884639,27.43403952438484,30.326288644169416,45.86880777069268,0.0,45.84029876664538,59.48295581205869
Wyoming,2012,9.00,8.2,56.57807398580541,34.28825327397607,51.016466296615405,0.0,36.672041637205936,104.2645712613561,60.57957170305419,52.46362842040077,37.89156944209589,32.82227947908048,0.0,0.0,65.44975990571035,81.38215347420966
Alabama,2013,13.80,12.2,54.839513877105276,27.89022787909371,65.25717929656514,52.26307502230628,35.361614099104784,80.62693300987031,41.90713815945567,52.41153178446963,26.213871442596364,32.176513601157,47.926604356612486,0.0,54.30120502398897,68.12649721879795
Alaska,2013,7.10,6.9,50.251347377427145,18.43853954228973,47.9906882764623,0.0,27.21377674908064,78.44782671230625,27.410958292977295,46.86207547787873,25.71455960559453,24.16576332701003,0.0,0.0,45.57924981288193,66.147719291281
Arizona,2013,10.60,10.7,48.94044266323339,22.00229088239615,46.72109334851356,30.07946763873743,33.080219641098026,76.26872041474219,44.279240319424865,44.39565045272722,23.842140216837645,24.16576332701003,43.04088255326849,0.0,44.17248284334855,56.81919477584394
Arkansas,2013,11.50,11.2,59.86464861484799,26.960553616457254,69.06596408041135,41.54726467600607,37.64300855711155,89.34335820012656,49.81414535935297,50.561713015605996,32.954581242121144,30.173826032620255,53.97559325599075,0.0,55.707971993522364,76.60697405101347
California,2013,10.20,9.8,45.663180877749014,18.748430963168552,35.80257696815441,21.807614038084633,27.21377674908064,69.29558026253719,38.21720146617027,34.52995035212117,20.971097154077093,21.36200073105859,33.96739920420108,114.24436572768,37.13864799568157,49.186765626849976
Colorado,2013,6.50,7.4,45.44469675871672,17.663810990092685,36.05649595374416,21.807614038084633,31.613608918093682,68.42393774351157,39.79860290614973,36.58530453974743,22.968344502084435,25.367375868132076,36.75924023468336,0.0,47.83007696413536,51.73090867651463
Connecticut,2013,8.30,9.1,55.93193447226673,20.452833778002056,39.103523780821135,22.55960072905307,36.01344108710672,81.06275426938313,49.55057845268973,43.16243794015146,27.711806953601872,29.506263509774676,39.31842784595879,0.0,44.45383623725522,58.51529014228704
Delaware,2013,11.10,9.6,64.01584687646154,21.69239946151733,45.70541740615457,28.763490929542666,36.01344108710672,98.93142590940845,51.13197989266919,56.31670474095952,35.201484508629406,32.710563619433465,55.13886035202504,0.0,51.487671084922184,66.147719291281
District of Columbia,2013,7.80,8.2,51.3437679725886,15.494571043940951,36.05649595374416,18.987663946953,31.776565665094164,58.40004877471687,30.83732807959946,39.873871239949445,25.839387564844987,25.500888372701187,38.85312100754507,0.0,39.95218193474837,42.40238416107756
Florida,2013,11.10,11.4,49.15892678226568,24.326476538987293,43.42014653584684,28.01150423857423,29.658127954087885,68.42393774351157,36.10866621286432,40.284942077474696,18.724193887568834,23.097663290457096,39.7837346843725,118.68104012487144,37.13864799568157,48.338717943628424
Georgia,2013,10.80,9.9,47.19256971097506,19.21326809448678,41.89663262230835,29.70347429325321,31.613608918093682,64.50154640789626,33.47299714623189,37.81851705232319,20.971097154077093,22.563613272180636,50.71844538709477,139.75524351153086,38.26406157130829,48.338717943628424
Idaho,2013,8.40,8.3,48.721958544201094,32.228707771397175,53.57690595943674,27.071520874863687,37.1541383161101,92.82992827622907,61.67465615919892,48.09528799045449,33.578721038373445,28.838700986929094,58.62866164012789,0.0,68.3688747193229,69.53991002416721
Illinois,2013,9.80,9.4,47.19256971097506,19.21326809448678,39.865280737590375,22.93559407453729,24.769425544073396,67.11647396497312,35.31796549287459,38.02405247108581,21.22075307257801,25.367375868132076,44.43680306850963,117.5718715255736,41.92165569209511,50.03481331007153
Indiana,2013,11.00,10.9,54.62102975807298,26.805607906017844,54.08474393061624,38.539317912132326,35.361614099104784,94.1373920547675,49.02344463936324,46.03993380282823,28.585602668355083,28.70518848235998,51.41640564471533,0.0,61.89774665946929,68.9745449020195
Iowa,2013,9.30,9.7,52.436188567750065,22.931965145032606,51.545554074718765,26.883524202121574,36.66526807510865,86.72843064304968,53.76764895930162,43.573508777676714,30.83250593486334,29.105725996067328,56.76743428647303,0.0,57.67744575086911,64.4516239248379
Kansas,2013,9.50,9.4,47.848022068071934,22.00229088239615,50.022040161180286,30.831454329705863,28.680387472084988,73.2179715981525,37.69006765284378,41.107083752525206,22.21937674658168,24.83332584985561,53.51028641757705,0.0,45.01654302506858,54.275051726179285
Kentucky,2013,10.60,10.6,52.217704448717775,25.411096512063157,59.41704262800094,42.67524471245873,35.850484340106235,79.31946923133188,37.69006765284378,48.30082340921711,27.337323075850495,30.44085104175849,59.093968478541605,0.0,55.98932538742904,66.147719291281
Louisiana,2013,11.60,12.2,50.469831496459435,23.861639407669063,53.06906798825725,46.059184821816686,33.89500337610044,73.65379285766532,35.581532399537835,46.656540059116104,21.34558103182847,27.103038427530585,53.7429398367839,0.0,41.64030229818844,53.42700404295773
Maine,2013,9.60,9.7,63.79736275742924,19.36821380492619,53.06906798825725,32.33542771164274,43.67240819612941,92.39410701671626,52.97694823931189,47.889752571691865,29.08491450535692,31.642463582880534,40.24904152278621,0.0,54.582558417895655,66.7130844134287
Maryland,2013,9.80,10.2,54.62102975807298,24.016585118108473,43.42014653584684,26.319534183895247,41.06510024412169,83.24186056694718,44.279240319424865,47.273146315403984,28.710430627605543,29.773288518912906,44.90210990692334,0.0,44.17248284334855,60.494068069803994
Massachusetts,2013,8.50,8.4,50.688315615491724,17.353919569213865,34.532982040205674,18.047680583242457,31.776565665094164,74.52543537669094,43.224972692771885,39.668335821186815,22.843516542833974,29.506263509774676,37.68985391151079,110.36227563013746,45.01654302506858,50.88286099329308
Michigan,2013,10.30,10.4,47.629537949039644,22.777019434593196,46.467174362923814,30.643457656963754,28.354473978084023,74.96125663620376,47.17847629272054,40.69601291499995,23.966968176088105,27.904113454945282,51.64905906392219,126.44522031995649,43.89112944944186,53.99236916510543
Minnesota,2013,7.40,7.3,49.15892678226568,22.31218230327497,39.865280737590375,22.55960072905307,29.169257713086434,76.704541674255,41.90713815945567,40.490477496237325,23.59248429833673,26.969525922961466,44.66945648771649,0.0,47.54872357022869,56.81919477584394
Mississippi,2013,12.90,12.5,53.091640924846935,28.819902141730168,65.00326031097538,41.35926800326396,39.76144626811782,82.80603930743438,36.89936693285405,52.00046094694438,27.462151035100952,30.173826032620255,64.21234370109245,0.0,45.297896418975256,60.77675063087785
Missouri,2013,9.60,10.7,50.03286325839485,22.931965145032606,48.75244523323154,36.09536116648491,26.56194976107871,76.704541674255,43.75210650609838,43.367973358914085,22.843516542833974,27.2365509320997,52.579672740749615,126.99980461960543,48.95549053976208,59.64602038658244
Montana,2013,7.70,7.2,53.9655774009761,25.10120509118434,51.03771610353927,25.755544165668923,29.984041448088853,96.31649835233158,68.79096263910648,48.30082340921711,28.08629083135325,30.707876050896722,0.0,0.0,64.4299272046294,74.06283100134881
Nebraska,2013,9.10,8.1,53.52860916291152,32.228707771397175,47.9906882764623,21.43162069260042,33.89500337610044,81.06275426938313,41.64357125279243,46.03993380282823,28.585602668355083,30.44085104175849,55.13886035202504,0.0,47.83007696413536,59.080655264434746
Nevada,2013,9.60,8.9,47.19256971097506,21.382508040638513,42.6583895790776,25.94354083841103,27.21377674908064,67.11647396497312,36.63580002619081,39.05172956489894,20.09730143932388,22.296588263042402,40.714348361199924,0.0,39.67082854084168,48.056035382554576
New Hampshire,2013,9.20,9.1,56.5873868293636,21.69239946151733,45.959336391744316,23.123590747279398,34.220916870101405,82.80603930743438,47.44204319938378,40.284942077474696,28.08629083135325,30.44085104175849,44.66945648771649,0.0,49.518197327575436,64.16894136376405
New Jersey,2013,9.20,9.3,55.93193447226673,20.917670909320282,38.849604795231386,22.93559407453729,29.169257713086434,71.47468656010125,37.162933839517294,39.46280040242419,23.21800042058535,26.16845089554677,39.7837346843725,144.74650220837125,39.67082854084168,51.165543554366934
New Mexico,2013,10.70,10.2,51.78073621065319,30.83419637744249,52.815149002667496,35.34337447551648,33.24317638809851,93.26574953574188,52.18624751932216,54.05581513457064,29.70905430160921,32.176513601157,42.34292229564792,0.0,50.92496429710883,69.82259258524105
New York,2013,10.50,9.7,48.28499030613652,18.12864812141091,34.78690102579542,19.92764731066355,31.12473867709223,63.194082629357816,35.84509930620108,36.174233702222175,22.094548787331224,25.10035085899384,34.665359461821645,113.68978142803105,35.169174238334826,46.35994001611147
North Carolina,2013,11.40,10.4,53.52860916291152,22.15723659283556,48.49852624764179,30.831454329705863,44.324235184131346,77.14036293376782,40.06216981281297,43.984579615201966,26.58835532034774,26.034938390977654,48.857218033439906,129.21814181820116,45.57924981288193,57.38455989799164
North Dakota,2013,8.90,8.6,57.679807424525066,45.7089845796258,55.86217682974447,0.0,40.739186750120716,114.18516999235688,71.42663170573891,59.19420060363629,29.209742464607377,33.77866365598639,63.74703686267873,0.0,64.4299272046294,75.47624380671807
Ohio,2013,10.30,11.6,52.436188567750065,22.931965145032606,49.51420219000078,35.15537780277437,29.984041448088853,82.37021804792157,41.38000434612919,47.067610896641355,25.58973164634407,29.239238500636443,52.114365902335905,130.88189471714796,51.487671084922184,59.363337825508594
Oklahoma,2013,11.00,11.4,48.94044266323339,24.79131367030552,56.877852772103466,36.84734785745334,28.354473978084023,78.01200545279343,45.59707485274107,43.77904419643934,21.595236950329387,26.969525922961466,56.30212744805932,0.0,52.05037787273554,58.232607581213195
Oregon,2013,9.20,9.9,32.5541337358115,22.00229088239615,29.70852131400047,15.415727164852932,19.065939399056496,48.376159805922185,25.565989946334597,27.95281695171714,16.85177449881195,17.08960058484687,24.66126243592681,0.0,31.230226723641326,38.16214574496981
Pennsylvania,2013,10.10,10.2,53.52860916291152,23.396802276350837,46.975012334103305,25.567547492926813,31.939522412094643,81.06275426938313,47.44204319938378,48.50635882797974,25.215247768592693,29.63977601434379,50.951098806301616,119.2356244245204,46.70466338850865,54.55773428725313
Rhode Island,2013,9.20,9.7,58.33525978162194,19.21326809448678,43.42014653584684,24.627564129216267,27.70264699008209,86.29260938353687,42.96140578610865,45.62886296530297,32.08078552736794,28.57167597779086,26.987796627995376,0.0,44.7351896311619,56.81919477584394
South Carolina,2013,12.50,11.6,54.62102975807298,27.27044503733607,52.561230017077754,40.60728131229553,38.29483554511348,78.01200545279343,45.069941039414594,47.68421715292923,28.710430627605543,27.63708844580705,54.906206932818186,0.0,52.33173126664222,64.4516239248379
South Dakota,2013,9.10,7.8,58.99071213871882,43.38479892303466,64.4954223397959,11.843790382752863,46.116759401136655,130.74637785384374,68.26382882578,59.60527144116154,36.574592060384454,40.05375137073485,0.0,0.0,79.0603036877767,77.73770429530887
Tennessee,2013,12.20,12,54.62102975807298,25.25615080162375,58.655285671231695,41.923258021490284,32.42839265309609,77.57618419328062,35.31796549287459,52.00046094694438,24.591107972340403,28.97221349149821,56.06947402885246,166.3752898946796,46.42330999460197,61.90748087517325
Texas,2013,10.90,10.6,48.06650618710422,21.382508040638513,44.68974146379558,30.267464311479536,36.33935458110768,67.55229522448593,36.89936693285405,38.22958788984844,18.724193887568834,21.896050749335053,43.506189391682206,129.21814181820116,37.98270817740161,48.338717943628424
Utah,2013,7.10,7.2,44.57076028258755,23.396802276350837,41.38879465112886,25.379550820184704,23.465771568069535,74.96125663620376,57.721152559250264,35.5576274459343,25.839387564844987,26.435475904685003,48.857218033439906,0.0,52.05037787273554,59.64602038658244
Vermont,2013,7.80,7.2,58.33525978162194,28.200119299972528,43.16622755025709,0.0,41.06510024412169,87.16425190256251,50.6048460793427,47.889752571691865,30.83250593486334,32.84407612400258,0.0,0.0,49.79955072148211,55.97114709262239
Virginia,2013,9.80,10.5,53.52860916291152,18.593485252729142,42.6583895790776,26.883524202121574,27.376733496081126,72.34632907912687,39.27146909282324,39.46280040242419,22.593860624333058,24.69981334528649,43.04088255326849,118.68104012487144,42.20300908600179,51.448226115440775
Washington,2013,8.60,8.7,44.78924440161984,17.663810990092685,38.08784783846214,21.995610710826742,25.095339038074364,70.60304404107563,41.64357125279243,33.296737839545415,20.3469573578248,24.29927583157914,40.01638810357935,98.16142103786096,45.01654302506858,56.81919477584394
West Virginia,2013,13.00,13,61.61252156710632,31.29903350876072,76.17569567692428,53.76704840424315,36.66526807510865,98.49560464989563,59.03898709256649,60.427413116212044,32.58009736436977,35.24730120624667,54.208246675197614,0.0,56.83338556914907,84.80476832215513
Wisconsin,2013,8.20,8.3,52.436188567750065,22.31218230327497,44.68974146379558,26.13153751115314,32.91726289409754,79.31946923133188,42.434271972782156,41.51815459005045,25.340075727843153,27.904113454945282,52.34701932154276,0.0,52.33173126664222,59.9287029476563
Wyoming,2013,8.60,9,57.02435506742819,23.861639407669063,57.13177175769321,0.0,41.39101373812265,100.23888968794688,25.829556852997836,51.58939010941913,29.833882260859674,36.448913747368714,0.0,0.0,70.05699508276297,73.49746587920112
Alabama,2014,12.90,13.8,55.83187326638771,29.947280303868467,63.610313173820145,54.819224624824855,38.963355523983026,84.85258899170344,38.56349983470402,54.46477485669762,23.354540161882863,29.981898047897307,52.48018973106805,0.0,57.05475860683161,72.67790749280168
Alaska,2014,7.40,7.1,43.94371774198576,28.14141415489148,41.89594923898194,0.0,32.469462936652526,84.85258899170344,41.868942677678646,50.54331106701539,23.02866285729845,25.616717489199612,0.0,0.0,41.49436989587754,67.4617897301604
Arizona,2014,10.00,10.6,48.40177606363649,24.379193011189408,48.79345307710702,33.094568940172046,33.28119951006883,81.92663764716193,44.62347838015751,47.057565476186745,22.48553401632443,22.744888174266922,43.203388515980265,0.0,47.90158877685863,63.28889552004738
Arkansas,2014,12.70,11.5,58.37933516447384,23.024793399456662,70.25235390682948,48.93123383178811,41.39856524423197,97.39238046830985,46.827106942140595,51.63260656414935,24.766675148415313,28.373673631535,53.54039558422094,0.0,61.6313435218181,81.02369591302771
California,2014,10.30,10.2,45.64202567404318,19.864527638746925,37.042150241782814,22.130724015207075,28.57312738425422,74.82075581041829,39.389860545447675,35.075315007713264,19.769889811454327,19.98793203193154,34.456690227468926,113.95027765424511,40.27394725188114,53.204401178940934
Colorado,2014,7.20,6.5,42.24540980992833,16.85475072378527,36.531224031551325,25.582304824918268,31.82007367791947,70.22283226899594,41.04258196693499,34.4217377094329,19.0095094340907,22.515141829072306,41.878131199539155,0.0,45.155637827866734,52.85665999476485
Connecticut,2014,9.20,8.3,54.55814231734464,26.1850591601664,39.341318187824506,19.491279866604394,37.50222969183366,83.5986098440428,52.33617834709832,45.96826997905279,24.658049380220508,27.33981507815923,42.14318266282738,0.0,47.59648311585953,59.11600130993437
Delaware,2014,11.10,11.1,63.68654745215328,25.884081468670235,54.669104494769115,34.10973976655769,44.80785885258048,106.17023450193436,48.7552819338758,50.54331106701539,29.8720862535711,26.88032238777,54.60060143737384,0.0,48.511800098856824,62.24567196751913
District of Columbia,2014,8.40,7.8,45.00516019952165,16.102306495044854,35.25390850597261,19.694314031881525,29.384863957670536,62.698957383032095,31.677160578506875,40.73965159280982,20.747521725207562,20.906917412709998,41.34802827296271,0.0,42.10458121787573,50.77021288970834
Florida,2014,11.20,11.1,49.88779550418673,26.034570314418318,47.5161375515283,30.861193122123623,34.09293608348515,73.56677666275766,39.665314115695566,44.22539718363847,18.79225789770109,22.630015001669616,36.84215339706293,129.03958382763832,42.71479253987393,57.02955420487786
Georgia,2014,11.50,10.8,45.429737182536,18.961594564258426,45.472432710602355,29.642988130460846,33.605894139435364,68.13286702289489,34.15624271073785,38.77891969796871,18.357754824921876,20.79204424011269,51.154932414626934,132.16150924282312,41.189264234878436,52.85665999476485
Idaho,2014,7.60,8.4,48.189487572129316,26.937503388906812,51.85901033849594,32.48546644434066,36.20345117436756,93.63044302532793,52.887085487594085,47.275424575613535,25.85293283036335,23.663873555045384,49.829675098185824,0.0,68.6487737247974,63.98437788839956
Illinois,2014,10.10,9.8,46.06660265705753,19.864527638746925,41.89594923898194,24.77016816380975,28.735474698937484,73.56677666275766,34.98260342148151,39.43249699624908,20.63889595701276,24.008493072837307,47.44421192859183,114.47059855677591,46.07095481086403,56.68181302070178
Indiana,2014,10.70,11,53.708988351315924,30.699724532608883,57.479198651042296,42.23110637764285,38.801008209299766,99.48234571441091,54.5398069090814,45.31469268077242,26.07018436675296,26.88032238777,57.51616753354428,0.0,66.8181397588028,78.9372488079712
Iowa,2014,9.40,9.3,50.73694947021544,21.519904941975835,52.625399653843175,29.846022295737978,39.61274478271608,92.37646387766729,52.06072477685043,47.49328367504033,26.178810134947764,25.27209797140769,55.3957558272385,0.0,59.495603894824406,72.67790749280168
Kansas,2014,10.30,9.5,43.09456377595705,20.31599417599117,46.74974823618107,25.582304824918268,29.384863957670536,69.38684617055551,37.73713912396036,36.81818780312759,17.814625983947856,22.055649138683076,49.56462363489761,0.0,43.93521518387033,55.63858946817353
Kentucky,2014,12.40,10.6,51.58610343624415,27.388969926151063,61.56660833289419,40.403798890148686,35.55406191563451,84.01660289326301,44.07257123966174,46.839706376759956,23.13728862549325,26.535702869978078,57.25111607025606,0.0,51.25775104784872,67.1140485459843
Louisiana,2014,11.20,11.6,49.2509300296652,26.1850591601664,55.94642002034784,43.65234553458276,32.30711562196926,76.49272800729915,34.43169628098573,47.275424575613535,19.878515579649132,24.123366245434614,54.60060143737384,0.0,43.93521518387033,55.63858946817353
Maine,2014,9.50,9.6,61.139085554067144,24.98114839418174,55.180030705000604,33.5006372707263,42.69734376169807,91.54047777922686,61.15069259503066,49.236156470454645,26.830564744116586,28.603419976729615,51.68503534120339,0.0,51.867962369846914,69.20049565104081
Maryland,2014,10.00,9.8,54.77043080885181,27.84043646339531,46.494285131065325,29.03388563462946,46.268984684729844,88.61452643468536,44.07257123966174,49.67187466930823,27.69957088967502,29.637278530105384,42.67328558940382,0.0,49.122011420855024,63.98437788839956
Massachusetts,2014,9.70,8.5,49.2509300296652,19.864527638746925,36.27576092643559,20.50645069299004,34.579978027534935,81.09065154872151,44.348024809909624,40.52179249338303,22.159656711740016,28.83316632192423,38.432462176792264,105.10482231122151,46.68116613286223,55.63858946817353
Michigan,2014,10.30,10.3,46.27889114856472,22.121860324968168,49.04891618222276,29.03388563462946,31.00833710450316,79.83667240106087,45.725292661149055,44.22539718363847,20.96477326159717,25.846463834394232,49.56462363489761,120.19412848461471,48.81690575985593,60.15922486246262
Minnesota,2014,8.10,7.4,46.915756623086246,20.31599417599117,42.66233855432917,24.97320232908688,31.33303173386968,81.09065154872151,38.56349983470402,43.13610168650452,20.856147493402368,24.123366245434614,50.09472656147405,0.0,51.562856708847825,60.50696604663871
Mississippi,2014,12.90,12.9,54.55814231734464,29.49581376662422,68.71957527613502,53.80405379843921,46.918373943462896,92.7944569268875,44.8989319504054,55.98978855268516,27.373693585090606,28.83316632192423,64.14245411574984,0.0,49.732222742853224,67.4617897301604
Missouri,2014,11.10,9.6,50.52466097870826,22.723815707960497,53.13632586407466,37.35828641099176,32.30711562196926,84.43459594248321,49.58164264461946,47.275424575613535,21.616527870765996,25.501844316602305,50.624829488050494,125.3973375099227,56.44454728483341,68.85275446686474
Montana,2014,8.80,7.7,50.100083995693915,24.379193011189408,49.815305497569994,30.658158956846496,28.735474698937484,94.46642912376835,46.00074623139694,41.1753697916634,26.28743590314257,24.008493072837307,0.0,0.0,75.97130958877578,84.15336657061246
Nebraska,2014,9.10,9.1,47.3403336061006,32.65607952733396,50.837157918032965,29.642988130460846,35.22936728626799,84.85258899170344,42.14439624792654,50.10759286816182,27.91682242606463,25.157224798810383,56.45596168039139,0.0,51.562856708847825,67.80953091433648
Nevada,2014,9.50,9.6,44.79287170801447,21.068438404731587,45.72789581571809,26.59747565130391,25.813223034638757,65.6249087275736,33.605335570242076,37.907483300261546,16.402490997415406,22.285395483877693,43.73349144255671,0.0,45.46074348886583,55.98633065234961
New Hampshire,2014,9.10,9.2,57.53018119844512,21.519904941975835,47.26067444641256,23.551963172146976,34.25528339816841,83.5986098440428,41.59348910743077,41.393228891090196,24.4407978438309,25.846463834394232,41.082976809674484,0.0,54.00370199684062,67.4617897301604
New Jersey,2014,9.60,9.2,54.55814231734464,21.068438404731587,41.38502302875045,24.161065667978363,30.35894784577011,76.07473495807893,35.808964132225164,40.52179249338303,20.856147493402368,23.77874672764269,40.0227709565216,135.2834346580079,40.27394725188114,55.63858946817353
New Mexico,2014,11.50,10.7,51.1615264532298,24.680170702685572,55.43549381011635,36.54614974988324,34.417630712851675,94.04843607454814,50.408003355363114,48.800438271601074,26.07018436675296,30.441390738286536,42.67328558940382,0.0,61.936449182817206,77.19854288709077
New York,2014,10.00,10.5,45.64202567404318,18.961594564258426,37.29761334689856,21.115553188821426,32.631810251335786,66.0429017767938,35.53351056197727,37.25390600198117,19.444012506869914,23.20438086465615,36.312050470486476,117.5925239719607,39.66373592988294,50.07473052135617
North Carolina,2014,10.80,11.4,50.949237961722616,24.078215319693243,49.3043792873385,31.67332978323214,46.268984684729844,81.50864459794172,43.79711766941385,44.22539718363847,24.114920539246487,24.123366245434614,48.23936631845649,132.6818301453539,48.81690575985593,63.63663670422347
North Dakota,2014,8.60,8.9,57.95475818145948,26.63652569741065,53.13632586407466,0.0,36.365798489050825,110.76815804335669,67.48612471073204,54.029056657844045,27.590945121480217,27.110068732964617,79.51543898646675,0.0,63.1568718268136,84.84884893896462
Ohio,2014,11.70,10.3,51.58610343624415,25.58310377717407,52.114473443611686,32.0793981137864,32.631810251335786,88.19653338546514,47.92892122313214,47.71114277446712,23.02866285729845,26.995195560367307,56.45596168039139,124.35669570486111,53.698596335841515,67.1140485459843
Oklahoma,2014,12.00,11,49.2509300296652,24.228704165441325,55.94642002034784,39.99773055959444,27.27434886678812,81.92663764716193,39.11440697519979,43.13610168650452,18.575006361311484,23.549000382448074,54.33554997408561,0.0,49.122011420855024,67.1140485459843
Oregon,2014,8.90,9.2,23.13944557428236,16.25279534079294,22.99167946041692,12.588118247182004,15.260647580226685,39.29134662670011,21.760832049582984,21.56805084325226,11.079828355870008,11.48731725973077,20.408962673193134,0.0,23.188030235931564,29.558000654967184
Pennsylvania,2014,11.20,10.1,51.1615264532298,23.47625993670091,48.027063761759784,25.582304824918268,31.982420992602737,86.10656813936409,44.8989319504054,48.58257917217428,21.50790210257119,26.995195560367307,50.88988095133872,123.31605389979951,49.42711708185412,61.55018959916696
Rhode Island,2014,9.40,9.2,54.77043080885181,23.325771090952827,45.72789581571809,23.145894841592717,38.47631357993324,87.36054728702473,46.00074623139694,46.62184727733316,27.047816280506197,25.501844316602305,27.30030071868692,0.0,45.76584914986493,52.85665999476485
South Carolina,2014,12.00,12.5,47.55262209760778,21.21892725047967,54.41364138965338,34.921876427666206,38.47631357993324,82.34463069638215,39.665314115695566,43.35396078593131,23.354540161882863,22.85976134686423,51.68503534120339,0.0,55.22412464083702,67.80953091433648
South Dakota,2014,9.10,9.1,53.49669985980875,44.5446983414325,61.82207143800994,9.542605768025068,42.534996447014805,125.39791476606419,65.00704257850107,65.35772982803715,32.5877304584412,32.50910784503807,0.0,0.0,90.00616999473435,104.32235525282536
Tennessee,2014,13.00,12.2,53.92127684282311,26.937503388906812,61.82207143800994,42.84020887347424,34.90467265690147,86.10656813936409,40.49167482643922,52.93976116071009,22.26828247993482,26.765449215172694,53.80544704750917,156.09627075923987,52.47817369184512,62.24567196751913
Texas,2014,10.90,10.9,48.189487572129316,23.92772647394516,48.28252686687553,30.861193122123623,40.91152330018218,75.23874885963852,39.11440697519979,39.86821519510266,17.92325175214266,21.136663757904614,43.46843997926849,132.6818301453539,40.579052912880236,57.02955420487786
Utah,2014,7.10,7.1,44.58058321650729,19.112083410006512,42.91780165944492,25.17623649436401,31.65772636323621,79.83667240106087,63.62977472726163,40.08607429452945,24.549423612025702,24.467985763226537,49.56462363489761,0.0,58.275181250828005,66.76630736180823
Vermont,2014,7.90,7.8,48.40177606363649,13.393507271579367,42.151412344097686,0.0,38.963355523983026,95.720408271429,58.67161046279969,48.36472007274749,28.134073962454234,29.522405357508077,0.0,0.0,52.78327935284422,69.20049565104081
Virginia,2014,9.70,9.8,36.9381975222489,20.917949558983505,34.998445400856866,20.50645069299004,23.37801331438982,59.355012989270385,29.473532016523784,32.243146715165,15.53348485185697,18.035088097777308,32.336278521163145,107.18610592134473,32.64630572690365,40.337977364425804
Washington,2014,8.90,8.6,43.94371774198576,17.155728415281434,40.363170608287476,23.958031502701235,27.436696181471383,75.65674190885873,36.910778413216704,34.20387861000611,18.575006361311484,21.940775966085766,38.9625651033687,63.99947101128835,49.732222742853224,57.37729538905395
West Virginia,2014,14.10,13,59.228489130502545,39.87954412324193,76.63893153472307,60.707215417861605,41.39856524423197,105.75224145271413,49.30618907437157,53.37547935956368,27.590945121480217,31.819868809454228,66.79296874863206,0.0,71.39472467378928,86.93529604402113
Wisconsin,2014,9.00,8.2,47.3403336061006,22.87430455370858,46.494285131065325,26.59747565130391,33.76824145411862,83.5986098440428,45.17438552065328,44.007538084211674,23.13728862549325,26.07621017958885,50.624829488050494,0.0,56.139441623834315,64.67986025675172
Wyoming,2014,8.40,8.6,48.61406455514366,23.626748782448995,52.36993654872742,0.0,28.410780069570958,106.17023450193436,57.84524975205603,49.88973376873502,29.22033164440228,33.08347370802461,0.0,0.0,65.2926114538073,77.89402525544294
